,Item_Identifier,Outlet_Identifier,Item_Outlet_Sales
0,FDW58,OUT049,1809.749
1,FDW14,OUT017,1338.4974
2,NCN55,OUT010,330.44608
3,FDQ58,OUT017,2349.6917
4,FDY38,OUT027,5324.8066
5,FDH56,OUT046,1650.5248
6,FDL48,OUT018,655.8834
7,FDC48,OUT027,2160.777
8,FDN33,OUT045,1223.9641
9,FDA36,OUT017,2886.431
10,FDT44,OUT017,1538.0724
11,FDQ56,OUT045,1026.5663
12,NCC54,OUT019,478.91464
13,FDU11,OUT049,1538.8036
14,DRL59,OUT013,330.44608
15,FDM24,OUT049,2195.371
16,FDI57,OUT045,2958.8335
17,DRC12,OUT018,2799.0781
18,NCM42,OUT027,2570.59
19,FDA46,OUT010,330.44608
20,FDA31,OUT013,2595.7747
21,NCJ31,OUT035,3649.107
22,FDG52,OUT046,330.44608
23,NCL19,OUT019,330.44608
24,FDS10,OUT035,2821.9783
25,FDX22,OUT010,330.44608
26,NCF19,OUT035,758.60095
27,NCE06,OUT046,2131.3435
28,DRC27,OUT046,3197.8555
29,FDE21,OUT035,1866.8739
30,NCR42,OUT019,330.44608
31,FDX51,OUT018,2400.6433
32,NCR06,OUT018,377.25073
33,FDU31,OUT027,4836.5093
34,FDU59,OUT017,2232.005
35,FDR03,OUT027,4626.705
36,FDS49,OUT027,2152.2698
37,FDD48,OUT010,330.44608
38,NCF18,OUT017,2688.957
39,NCD43,OUT027,2403.0664
40,NCD54,OUT018,2078.2185
41,FDY19,OUT010,330.44608
42,NCY54,OUT017,2225.0415
43,NCL19,OUT018,2139.129
44,FDP23,OUT010,330.44608
45,FDC26,OUT013,1333.7156
46,FDR14,OUT010,330.44608
47,NCS41,OUT035,2823.855
48,FDF41,OUT035,3654.6252
49,FDU34,OUT046,1749.5095
50,DRH11,OUT046,480.05066
51,FDM03,OUT013,1330.412
52,FDS31,OUT017,2708.7942
53,FDJ20,OUT017,1846.9185
54,FDV44,OUT027,4389.625
55,FDG02,OUT049,2586.6453
56,FDA09,OUT013,2602.51
57,FDT04,OUT013,330.44608
58,FDL58,OUT019,473.24634
59,FDE52,OUT045,1085.2478
60,FDW12,OUT035,2065.53
61,FDL51,OUT017,3072.1821
62,NCY42,OUT027,3253.8638
63,FDR07,OUT017,1183.2312
64,FDN40,OUT045,2186.8574
65,FDB35,OUT027,2146.2483
66,FDA22,OUT017,2400.5486
67,NCL06,OUT046,3192.3323
68,FDI35,OUT013,2905.3965
69,NCW42,OUT045,3283.3967
70,NCX06,OUT049,2623.4822
71,FDC37,OUT027,2851.8555
72,FDZ14,OUT018,1449.8627
73,DRG49,OUT049,3421.5378
74,NCG06,OUT045,3752.6748
75,DRC36,OUT045,2426.5671
76,FDV21,OUT019,330.44608
77,FDB53,OUT046,1993.0477
78,DRP47,OUT019,892.4388
79,FDA14,OUT013,2117.6252
80,DRC24,OUT035,2452.9866
81,FDW21,OUT018,1217.2361
82,NCH29,OUT046,1270.7595
83,FDU58,OUT013,2677.344
84,FDY27,OUT017,2610.621
85,FDV56,OUT035,1643.7461
86,FDT59,OUT046,3071.6274
87,FDB23,OUT046,3098.9006
88,FDR49,OUT045,330.44608
89,FDB03,OUT010,771.5923
90,FDN39,OUT045,2409.5056
91,FDX02,OUT027,5106.6543
92,FDQ16,OUT027,2672.759
93,FDU35,OUT018,1280.6165
94,NCT29,OUT013,1753.0627
95,FDZ27,OUT046,343.4601
96,FDN57,OUT017,2078.5166
97,FDA03,OUT018,1767.7052
98,FDZ36,OUT045,2640.7227
99,NCU05,OUT013,811.0931
100,FDT39,OUT018,1849.3094
101,FDK60,OUT017,1336.5862
102,FDZ25,OUT017,2497.156
103,FDG12,OUT046,1599.9014
104,DRB01,OUT019,330.44608
105,NCC43,OUT027,5506.016
106,FDX13,OUT019,388.44043
107,FDM22,OUT049,858.59106
108,FDJ03,OUT027,1381.5159
109,FDU14,OUT018,3655.4827
110,FDB33,OUT010,330.44608
111,FDP27,OUT046,2428.931
112,FDO38,OUT010,330.44608
113,FDE28,OUT027,5345.233
114,FDO27,OUT035,1730.2078
115,DRL23,OUT027,2542.4617
116,FDS28,OUT046,730.9749
117,FDX24,OUT013,777.657
118,FDZ02,OUT035,1442.9594
119,FDL46,OUT045,1776.6377
120,FDS60,OUT027,4333.681
121,NCO06,OUT017,330.44608
122,FDO16,OUT035,1357.4442
123,FDC60,OUT049,1523.41
124,FDA48,OUT018,2896.7454
125,FDZ36,OUT027,4151.271
126,FDK27,OUT045,1651.4955
127,FDW23,OUT018,379.52048
128,FDM14,OUT018,1482.2552
129,FDM14,OUT013,1227.2926
130,FDW60,OUT018,2174.3562
131,FDE21,OUT013,1582.251
132,NCM42,OUT035,1793.4993
133,FDY59,OUT010,330.44608
134,DRI49,OUT049,1280.2156
135,FDT28,OUT019,330.44608
136,FDQ22,OUT018,330.44608
137,FDR60,OUT049,888.72705
138,FDC50,OUT019,330.44608
139,FDV24,OUT013,2045.2219
140,DRF48,OUT010,330.44608
141,FDQ47,OUT046,621.90247
142,DRN36,OUT049,1721.3667
143,NCY06,OUT035,2104.1409
144,FDE52,OUT035,1321.0402
145,NCB54,OUT045,1764.2866
146,NCF31,OUT035,2429.0774
147,FDJ08,OUT027,4500.8784
148,NCC07,OUT017,1445.4629
149,NCD19,OUT027,1110.973
150,FDL46,OUT049,1955.8485
151,FDM20,OUT045,3602.5542
152,NCI06,OUT010,330.44608
153,DRM11,OUT035,3767.3882
154,NCH07,OUT018,2171.317
155,FDS23,OUT013,1619.7198
156,FDO49,OUT018,524.5148
157,FDS35,OUT049,695.8536
158,DRK39,OUT045,1019.1578
159,DRI39,OUT049,721.2928
160,FDV04,OUT017,2252.3408
161,NCN14,OUT035,2877.7944
162,FDH08,OUT013,3619.8655
163,FDS20,OUT046,2529.4668
164,FDV40,OUT049,1035.9156
165,FDZ48,OUT010,330.44608
166,FDS24,OUT027,2323.2368
167,FDK44,OUT049,2272.977
168,FDS48,OUT045,2134.9185
169,FDK26,OUT010,330.44608
170,FDD23,OUT045,2613.8606
171,NCH54,OUT017,2309.1006
172,NCP14,OUT010,330.44608
173,FDM60,OUT010,330.44608
174,FDV24,OUT017,2008.915
175,FDH08,OUT018,3346.7732
176,FDS12,OUT027,3561.546
177,FDR39,OUT027,4148.365
178,FDP12,OUT027,969.71606
179,DRF60,OUT027,5045.5703
180,FDC09,OUT035,1568.614
181,FDF50,OUT018,2646.4314
182,FDG28,OUT035,3412.728
183,NCE19,OUT017,423.608
184,NCM53,OUT010,330.44608
185,NCN18,OUT049,1694.7916
186,FDF32,OUT035,3018.4924
187,FDF11,OUT013,3402.9626
188,DRI59,OUT049,3049.168
189,NCG54,OUT035,2679.2463
190,FDM44,OUT046,1321.9874
191,FDT57,OUT018,3463.6018
192,FDV24,OUT046,2111.9358
193,FDI50,OUT019,330.44608
194,FDS09,OUT035,983.3348
195,NCC31,OUT027,3541.4966
196,FDQ07,OUT019,330.44608
197,FDC22,OUT017,2731.5732
198,FDZ56,OUT046,2393.8728
199,FDZ40,OUT019,330.44608
200,FDS46,OUT027,2865.9028
201,DRD24,OUT045,2138.5935
202,FDV45,OUT017,2795.0327
203,FDL26,OUT045,2200.5242
204,FDA56,OUT018,1724.6799
205,FDN27,OUT046,1634.5935
206,FDM20,OUT049,3265.1826
207,FDO16,OUT017,971.5604
208,FDL03,OUT035,2916.4321
209,FDE58,OUT046,1712.1183
210,FDI02,OUT027,3045.7136
211,NCC55,OUT019,330.44608
212,FDR03,OUT018,2562.5513
213,FDB14,OUT017,1316.3239
214,FDR45,OUT013,3684.551
215,NCN07,OUT017,1883.6428
216,FDM51,OUT019,330.44608
217,FDT52,OUT027,5309.828
218,FDL26,OUT046,2188.6191
219,NCZ42,OUT046,3035.3525
220,DRI47,OUT019,330.44608
221,FDW40,OUT013,1889.8422
222,FDN34,OUT046,2421.5293
223,FDS01,OUT035,2681.9238
224,NCG55,OUT045,1573.8896
225,FDC11,OUT035,1649.4575
226,FDX35,OUT018,2707.421
227,NCB06,OUT046,2154.3303
228,FDR09,OUT019,695.4177
229,FDC53,OUT017,1269.1147
230,FDY45,OUT013,3921.5054
231,FDA22,OUT010,330.44608
232,FDE02,OUT035,1604.5046
233,FDW21,OUT045,1356.4031
234,FDV34,OUT046,945.88605
235,FDS59,OUT049,1658.4795
236,NCW17,OUT017,1799.0701
237,NCK54,OUT046,1633.6842
238,FDG17,OUT019,330.44608
239,FDG35,OUT017,2868.5625
240,FDD08,OUT010,330.44608
241,NCO07,OUT017,3122.113
242,FDJ10,OUT010,330.44608
243,FDW36,OUT017,1355.5759
244,FDW21,OUT010,330.44608
245,FDY19,OUT017,1580.344
246,DRE03,OUT013,330.44608
247,NCC55,OUT049,544.3968
248,FDH52,OUT010,330.44608
249,FDO09,OUT017,3421.6008
250,FDU43,OUT045,3306.5247
251,FDX09,OUT010,330.44608
252,FDH40,OUT019,330.44608
253,FDW58,OUT017,1540.8323
254,FDC47,OUT017,3089.575
255,NCR41,OUT035,1544.7241
256,DRG49,OUT035,3648.74
257,FDC52,OUT027,3586.677
258,FDY13,OUT046,803.9512
259,FDY35,OUT013,330.44608
260,FDI35,OUT017,2731.0044
261,NCU18,OUT049,2144.7578
262,FDY33,OUT018,1958.8363
263,FDC15,OUT027,4057.2285
264,FDU01,OUT049,2660.299
265,NCU42,OUT046,2351.831
266,NCV29,OUT018,2620.7344
267,NCY30,OUT017,2665.828
268,FDQ46,OUT049,1805.3384
269,FDG58,OUT027,3699.2976
270,FDK33,OUT017,3194.4329
271,NCD07,OUT045,1586.7853
272,NCX29,OUT027,3467.2456
273,NCT42,OUT013,2300.4192
274,DRN59,OUT035,732.7395
275,FDI44,OUT035,1351.6569
276,FDA45,OUT049,2501.8123
277,FDP31,OUT045,698.98425
278,FDY01,OUT046,1727.9233
279,FDT09,OUT018,1625.025
280,DRH03,OUT027,2322.3967
281,FDA36,OUT018,2685.8022
282,NCF31,OUT017,2200.417
283,FDG14,OUT049,2140.8757
284,FDG28,OUT027,5324.155
285,FDU14,OUT049,3301.4502
286,FDY47,OUT019,330.44608
287,FDI56,OUT049,1349.0267
288,DRD01,OUT013,347.49448
289,FDM22,OUT046,575.11053
290,FDH33,OUT013,330.44608
291,DRZ24,OUT013,1717.0558
292,NCQ38,OUT046,1536.4479
293,FDO16,OUT027,2047.7147
294,FDU07,OUT027,3584.3154
295,NCB07,OUT013,2972.8816
296,FDU48,OUT045,1792.6675
297,NCM43,OUT045,2402.2593
298,FDR31,OUT010,330.44608
299,DRK49,OUT018,330.44608
300,NCI30,OUT010,330.44608
301,DRD60,OUT017,2722.9653
302,NCG19,OUT046,2872.7266
303,FDH12,OUT035,1694.1078
304,FDM32,OUT035,1485.1982
305,FDM27,OUT035,2556.5693
306,NCU53,OUT027,3766.323
307,NCQ18,OUT046,1223.3363
308,FDS10,OUT013,2862.9421
309,FDB33,OUT027,3672.1094
310,FDI12,OUT013,1026.8599
311,NCW42,OUT013,3436.8933
312,NCC06,OUT018,1830.7982
313,FDW02,OUT017,1920.6813
314,NCD43,OUT017,1422.5975
315,FDM57,OUT018,1018.16766
316,FDA58,OUT017,3246.5208
317,FDK56,OUT046,2453.8916
318,FDP52,OUT045,3404.831
319,FDW20,OUT018,1704.988
320,FDS52,OUT049,1428.6674
321,NCT29,OUT018,1587.2815
322,NCL54,OUT013,2668.801
323,FDC05,OUT045,2700.668
324,FDF34,OUT035,3017.1096
325,FDP03,OUT027,3141.1436
326,FDD32,OUT010,330.44608
327,FDZ10,OUT045,1882.8483
328,FDZ40,OUT035,850.1934
329,FDD51,OUT018,366.7841
330,NCY30,OUT019,330.44608
331,FDP58,OUT017,2931.9897
332,FDV49,OUT017,3933.3777
333,FDY24,OUT019,330.44608
334,NCO55,OUT017,1470.721
335,FDR13,OUT017,1771.5428
336,FDS51,OUT017,639.7524
337,FDP26,OUT045,1321.3807
338,NCB54,OUT027,3074.6228
339,FDF32,OUT017,2783.267
340,FDN31,OUT018,2658.2795
341,DRM48,OUT017,330.44608
342,FDN20,OUT049,2377.083
343,DRL01,OUT046,3179.16
344,FDV56,OUT049,1549.4763
345,DRH13,OUT027,2378.09
346,FDA03,OUT017,2186.681
347,FDF47,OUT027,4859.063
348,FDX32,OUT046,2084.3337
349,FDX57,OUT049,1363.4788
350,NCA30,OUT045,2860.8726
351,FDO49,OUT013,409.02353
352,FDL04,OUT019,330.44608
353,DRM48,OUT035,708.7831
354,FDR16,OUT013,2976.556
355,NCC19,OUT018,2683.6267
356,NCE42,OUT045,3452.8635
357,FDY24,OUT017,709.55383
358,FDH19,OUT049,2618.7642
359,FDJ46,OUT013,2743.7915
360,FDN45,OUT010,330.44608
361,FDY08,OUT035,2289.4712
362,FDZ37,OUT035,1231.5154
363,NCT30,OUT045,545.0232
364,DRY23,OUT018,445.59723
365,NCZ30,OUT018,1710.6158
366,FDC44,OUT018,1363.988
367,FDB45,OUT035,1687.033
368,FDY04,OUT013,2278.8862
369,FDM27,OUT046,2310.5276
370,FDZ43,OUT017,3425.698
371,FDT39,OUT019,330.44608
372,NCC06,OUT019,330.44608
373,FDL15,OUT027,3537.0173
374,FDL57,OUT017,3491.6477
375,FDU08,OUT046,1275.7609
376,FDK40,OUT017,3918.173
377,FDQ12,OUT010,330.44608
378,FDS48,OUT017,2240.1855
379,FDP09,OUT045,3115.9287
380,FDW21,OUT049,1459.6871
381,FDY25,OUT035,2731.637
382,DRE13,OUT017,1221.1432
383,FDV43,OUT019,330.44608
384,FDD22,OUT045,1739.9554
385,FDM46,OUT019,330.44608
386,NCO30,OUT010,330.44608
387,FDM25,OUT046,2424.3472
388,NCN41,OUT049,1867.9397
389,FDU24,OUT045,1058.1428
390,FDZ50,OUT046,2548.3547
391,FDP45,OUT013,3542.6785
392,NCM54,OUT045,1758.4264
393,FDW10,OUT019,330.44608
394,FDP20,OUT017,1741.1632
395,FDK32,OUT046,2166.951
396,FDN52,OUT049,1196.783
397,FDM58,OUT045,1526.4546
398,FDZ46,OUT027,2554.6943
399,NCA18,OUT018,1561.6649
400,FDD35,OUT046,1924.7134
401,NCK31,OUT035,806.2041
402,FDI40,OUT027,2834.0608
403,FDT50,OUT019,330.44608
404,NCT06,OUT046,2261.157
405,FDT31,OUT035,2826.9536
406,FDT45,OUT049,942.4301
407,FDT13,OUT045,2703.4438
408,FDO50,OUT045,1106.3928
409,NCU18,OUT010,330.44608
410,NCR54,OUT049,2690.9788
411,NCO18,OUT018,2631.2588
412,FDU09,OUT045,669.44324
413,FDT13,OUT018,2708.954
414,FDE09,OUT046,1522.5449
415,NCK53,OUT019,330.44608
416,FDG45,OUT049,2935.3855
417,DRH15,OUT035,728.78064
418,FDO21,OUT019,330.44608
419,FDD14,OUT027,4616.9287
420,FDC09,OUT046,1387.7664
421,FDH45,OUT027,1265.0798
422,FDV32,OUT046,574.5531
423,FDG12,OUT035,1652.6755
424,FDS32,OUT013,1918.5292
425,NCL55,OUT018,3566.4695
426,DRE01,OUT035,3606.7139
427,DRE15,OUT049,1007.66754
428,NCL42,OUT045,3637.1875
429,FDP31,OUT013,444.88263
430,FDN33,OUT018,1196.881
431,FDZ59,OUT046,2277.1633
432,FDE45,OUT010,330.44608
433,FDJ07,OUT013,1818.4874
434,FDQ45,OUT018,2285.9358
435,FDM33,OUT027,4815.323
436,FDO15,OUT010,330.44608
437,FDM46,OUT013,986.4113
438,FDR03,OUT045,2980.6345
439,FDY49,OUT018,2054.9502
440,FDQ60,OUT045,1479.865
441,FDW10,OUT049,2697.2544
442,FDO51,OUT049,612.50323
443,FDJ40,OUT018,1285.7439
444,FDS20,OUT018,2595.689
445,FDU45,OUT013,1409.3855
446,FDV02,OUT035,2613.593
447,FDN09,OUT046,2988.1846
448,NCM55,OUT027,4213.2773
449,FDN23,OUT018,1776.9347
450,FDY31,OUT010,330.44608
451,FDW03,OUT010,330.44608
452,FDD14,OUT046,2449.189
453,FDV23,OUT017,1564.3035
454,DRI03,OUT045,2531.1558
455,FDN13,OUT035,1686.1099
456,FDF45,OUT027,1524.1816
457,FDU46,OUT035,1527.1088
458,FDB57,OUT049,2962.5505
459,FDV12,OUT049,1553.8651
460,FDQ58,OUT013,2458.9243
461,NCA18,OUT017,1590.2135
462,FDH52,OUT049,725.8596
463,FDM24,OUT018,1859.9822
464,NCP43,OUT027,4044.9346
465,NCO18,OUT019,330.44608
466,FDM32,OUT017,1125.1957
467,NCL07,OUT017,330.44608
468,FDK03,OUT013,3648.9565
469,FDP59,OUT017,1468.9233
470,FDQ24,OUT049,3334.5981
471,FDQ16,OUT018,1420.392
472,FDU44,OUT013,2217.5146
473,FDH28,OUT010,330.44608
474,FDV28,OUT019,330.44608
475,FDM22,OUT045,574.51886
476,FDR56,OUT046,2696.3423
477,FDV39,OUT049,2848.8733
478,FDU37,OUT019,330.44608
479,FDQ11,OUT010,355.3064
480,FDX02,OUT045,3273.157
481,NCS42,OUT018,1141.2921
482,FDY57,OUT027,2415.1594
483,FDB21,OUT049,2939.2612
484,FDE28,OUT017,3143.4666
485,FDQ55,OUT017,1821.9446
486,FDA48,OUT049,2710.5408
487,FDZ19,OUT045,2557.9663
488,NCC43,OUT045,3658.903
489,NCV18,OUT046,999.1562
490,NCA42,OUT018,2334.2407
491,FDY45,OUT046,3128.7344
492,NCC30,OUT045,2615.2207
493,FDM57,OUT013,870.669
494,FDL09,OUT010,330.44608
495,FDB09,OUT027,3052.02
496,FDT44,OUT035,1972.7897
497,NCT06,OUT027,3772.2878
498,FDX26,OUT049,2376.006
499,FDK32,OUT013,2107.2825
500,DRA12,OUT046,2048.6885
501,FDO46,OUT010,330.44608
502,FDE52,OUT013,1021.6309
503,NCH42,OUT045,3393.8762
504,FDV08,OUT035,614.15283
505,FDB47,OUT018,2988.937
506,FDC28,OUT010,330.44608
507,FDD22,OUT046,1589.5156
508,FDS07,OUT027,2917.946
509,DRI13,OUT045,3156.1519
510,FDG32,OUT018,2923.4922
511,FDU14,OUT017,3694.568
512,FDD28,OUT019,330.44608
513,NCP41,OUT017,1492.6187
514,FDS08,OUT049,2424.9048
515,FDX47,OUT045,2243.6272
516,FDC53,OUT019,330.44608
517,FDQ19,OUT035,3356.959
518,FDL14,OUT045,2255.2473
519,FDM33,OUT019,330.44608
520,FDA51,OUT045,1542.5698
521,FDZ27,OUT018,562.58984
522,FDT04,OUT046,330.44608
523,DRC13,OUT049,1698.1067
524,FDR16,OUT027,4992.51
525,FDQ03,OUT027,5331.9536
526,FDE38,OUT035,2568.4954
527,DRH23,OUT027,1551.0105
528,FDT11,OUT019,330.44608
529,FDD09,OUT035,2730.5918
530,FDR40,OUT045,1027.8029
531,FDX07,OUT017,2766.289
532,FDR07,OUT035,1620.5151
533,FDA51,OUT017,1596.0607
534,FDT59,OUT019,330.44608
535,FDF20,OUT017,2855.7698
536,FDR13,OUT045,1504.9573
537,FDY26,OUT049,2851.5676
538,FDW04,OUT017,1979.1136
539,FDK52,OUT017,3154.0962
540,FDN60,OUT049,2036.5931
541,FDM09,OUT019,330.44608
542,FDP46,OUT049,1529.4169
543,FDB50,OUT019,330.44608
544,NCQ29,OUT049,3278.5054
545,FDP16,OUT027,5420.0146
546,FDX33,OUT018,1998.8436
547,FDP07,OUT010,330.44608
548,FDN22,OUT046,3234.559
549,FDF39,OUT049,3467.9673
550,FDS21,OUT017,1151.7657
551,NCM42,OUT013,1519.5494
552,FDK50,OUT019,330.44608
553,DRF13,OUT027,3257.7983
554,FDH35,OUT018,2324.0166
555,FDP60,OUT018,1326.4227
556,DRJ49,OUT027,2869.3586
557,NCT42,OUT019,330.44608
558,FDE38,OUT049,2278.1836
559,FDI04,OUT049,2616.992
560,NCH54,OUT045,2308.7761
561,FDT56,OUT049,833.2504
562,DRD15,OUT018,3300.075
563,FDV58,OUT013,3194.488
564,FDP21,OUT049,2295.241
565,FDH05,OUT013,3320.6416
566,FDR10,OUT027,3558.1829
567,NCP06,OUT045,2148.0083
568,FDF33,OUT049,1766.3009
569,DRK37,OUT013,3124.2214
570,DRH49,OUT045,1257.4565
571,FDT58,OUT013,2531.294
572,FDD41,OUT018,1251.515
573,FDP40,OUT018,1300.1604
574,FDM51,OUT027,2558.2346
575,FDO45,OUT010,330.44608
576,FDW33,OUT010,330.44608
577,FDY24,OUT045,534.7061
578,FDB10,OUT010,330.44608
579,FDM40,OUT035,2340.0237
580,NCI06,OUT017,2619.1855
581,FDW12,OUT019,330.44608
582,FDX48,OUT027,3687.9182
583,NCW05,OUT027,2747.4993
584,FDX27,OUT017,1368.8328
585,DRM37,OUT045,2847.2764
586,FDA38,OUT045,3513.0815
587,FDR36,OUT046,624.33856
588,FDZ45,OUT046,2528.1516
589,FDG05,OUT017,2334.547
590,FDK28,OUT013,3848.072
591,FDV47,OUT045,1090.9216
592,FDN21,OUT045,2414.209
593,FDP20,OUT027,3082.7573
594,FDI35,OUT045,2716.3699
595,DRY23,OUT013,330.44608
596,FDA56,OUT017,1735.0343
597,FDB09,OUT013,1740.585
598,NCO26,OUT027,2825.8245
599,FDQ49,OUT018,1905.8782
600,FDI52,OUT027,3126.165
601,FDZ44,OUT027,2852.0874
602,FDZ09,OUT018,2233.6296
603,FDY03,OUT049,1444.6267
604,NCG42,OUT017,1834.5083
605,DRI13,OUT027,4652.3267
606,FDQ32,OUT013,1665.613
607,FDW16,OUT035,1386.9006
608,FDU27,OUT046,332.58344
609,FDR28,OUT010,330.44608
610,FDQ49,OUT010,330.44608
611,FDS37,OUT046,1562.0623
612,FDW26,OUT018,2671.8374
613,FDX12,OUT018,2804.01
614,NCP06,OUT013,2313.4
615,FDW45,OUT010,330.44608
616,NCN30,OUT049,1464.9755
617,FDN24,OUT049,498.6314
618,NCL41,OUT027,531.86395
619,FDR02,OUT019,330.44608
620,FDD09,OUT010,330.44608
621,FDS33,OUT010,330.44608
622,FDU22,OUT045,1851.6354
623,FDI53,OUT013,2215.782
624,DRH01,OUT049,2639.8567
625,FDX32,OUT013,1905.6644
626,NCP30,OUT018,330.44608
627,FDB60,OUT045,2823.2053
628,FDB14,OUT049,1396.3505
629,NCP02,OUT035,964.6236
630,FDJ10,OUT017,2205.549
631,FDG34,OUT046,1626.4723
632,NCB18,OUT017,1104.6721
633,FDM16,OUT049,975.3922
634,FDW25,OUT018,1090.7416
635,FDB35,OUT010,330.44608
636,DRN11,OUT013,1947.7198
637,FDF41,OUT019,853.3358
638,FDH16,OUT045,1056.9479
639,NCQ50,OUT018,3102.3694
640,DRH23,OUT018,499.70175
641,DRJ37,OUT013,2359.497
642,DRJ24,OUT027,4170.1836
643,FDY16,OUT035,2730.1982
644,FDQ27,OUT045,1461.565
645,FDZ33,OUT045,2279.0671
646,FDF29,OUT045,1880.4495
647,FDA08,OUT049,2213.6975
648,FDG31,OUT046,876.9848
649,FDE34,OUT019,330.44608
650,NCR30,OUT027,1756.7136
651,FDV33,OUT035,3743.3442
652,DRZ24,OUT018,1775.0695
653,NCL54,OUT035,2734.0066
654,FDR12,OUT049,2509.8713
655,NCC54,OUT046,3010.3306
656,DRN59,OUT013,330.44608
657,FDX50,OUT019,330.44608
658,FDV31,OUT027,4270.04
659,NCA29,OUT027,3926.4392
660,FDW60,OUT049,2584.3257
661,FDX08,OUT017,2691.1448
662,DRD49,OUT013,3159.8054
663,FDD33,OUT046,2963.8745
664,FDW35,OUT013,330.44608
665,FDJ36,OUT017,1373.6025
666,FDV51,OUT035,2604.9585
667,FDW36,OUT046,1365.7712
668,FDH35,OUT046,2259.1895
669,NCS30,OUT027,3156.2249
670,FDN49,OUT017,398.94565
671,FDL08,OUT018,3510.1162
672,FDI09,OUT013,3145.7441
673,FDP19,OUT018,1592.9271
674,FDU21,OUT010,330.44608
675,NCP41,OUT045,1410.8689
676,FDY10,OUT013,1678.8849
677,FDP12,OUT018,413.102
678,NCN26,OUT049,1803.1482
679,FDK44,OUT013,2565.9568
680,FDC28,OUT049,1575.8495
681,FDJ41,OUT027,5672.697
682,NCT29,OUT035,2024.7771
683,NCH42,OUT019,330.44608
684,FDU60,OUT018,2064.3516
685,FDS02,OUT045,2546.9907
686,FDC51,OUT046,1669.8763
687,FDU03,OUT013,2488.8882
688,FDX39,OUT045,2987.808
689,NCY05,OUT010,330.44608
690,NCL06,OUT027,5638.643
691,FDD32,OUT035,1181.8716
692,NCN41,OUT045,1692.4257
693,NCX53,OUT049,2100.9785
694,FDU57,OUT019,330.44608
695,FDQ23,OUT046,1337.6296
696,FDQ52,OUT045,3644.417
697,FDC14,OUT045,330.44608
698,FDY09,OUT035,2762.4226
699,FDQ28,OUT045,2273.946
700,FDV25,OUT046,3009.565
701,FDJ07,OUT035,1891.8422
702,DRB25,OUT049,1843.7374
703,FDK52,OUT019,330.44608
704,FDY52,OUT027,1484.8241
705,FDB28,OUT046,2706.8706
706,FDT36,OUT035,480.6232
707,FDV25,OUT017,3263.4468
708,NCN07,OUT027,2994.0466
709,FDC57,OUT017,2850.5913
710,FDQ03,OUT018,2879.175
711,FDU23,OUT017,2509.5247
712,NCX41,OUT035,3196.5708
713,NCD06,OUT035,798.9887
714,FDW08,OUT045,1405.7765
715,NCU29,OUT017,2071.293
716,NCE06,OUT013,2387.677
717,FDV52,OUT010,330.44608
718,FDB02,OUT017,2590.424
719,NCR18,OUT045,613.791
720,FDK16,OUT049,1330.6454
721,NCQ29,OUT010,469.33426
722,FDZ01,OUT019,330.44608
723,FDW27,OUT035,2558.6885
724,FDD17,OUT018,3432.1216
725,FDW39,OUT013,2479.9253
726,DRH59,OUT045,867.92035
727,FDS52,OUT013,1179.2861
728,FDU40,OUT027,4504.352
729,NCF54,OUT013,2689.2883
730,FDH46,OUT045,1373.1151
731,NCP14,OUT049,1592.6488
732,FDH50,OUT049,2645.4968
733,DRF15,OUT010,330.44608
734,FDV27,OUT027,2235.3557
735,NCJ06,OUT049,1870.2064
736,FDN02,OUT018,2852.2803
737,FDQ51,OUT049,627.95306
738,FDQ07,OUT017,3170.0486
739,FDS45,OUT049,1485.7772
740,NCJ06,OUT045,1659.5903
741,FDD36,OUT035,1818.7555
742,FDY25,OUT045,2636.9175
743,FDU52,OUT046,2176.8599
744,DRK47,OUT017,3184.3418
745,NCL30,OUT017,1804.0326
746,FDN22,OUT035,3740.2283
747,NCF30,OUT027,3106.224
748,FDK03,OUT035,3562.342
749,FDT45,OUT017,595.3747
750,NCC54,OUT027,5342.767
751,FDP08,OUT018,2340.6174
752,FDU44,OUT046,2316.9749
753,DRG39,OUT035,817.58185
754,FDU32,OUT049,1780.233
755,FDY27,OUT049,2453.5361
756,NCP54,OUT013,1825.796
757,NCZ41,OUT049,1897.7513
758,DRL49,OUT013,2229.9365
759,FDI05,OUT018,954.13165
760,FDY56,OUT045,3154.833
761,DRC13,OUT013,1639.8549
762,NCV29,OUT017,2620.85
763,FDR24,OUT049,1494.8744
764,FDZ34,OUT018,2697.0723
765,FDP37,OUT035,2082.2664
766,FDX08,OUT027,4161.518
767,FDS57,OUT045,2175.0776
768,NCG18,OUT049,1590.331
769,FDK25,OUT018,2153.7512
770,FDH53,OUT049,1124.5319
771,DRI59,OUT018,3222.8203
772,FDA52,OUT046,2451.9421
773,FDT20,OUT010,330.44608
774,FDE36,OUT019,330.44608
775,FDI24,OUT017,2467.9966
776,FDB28,OUT018,2729.8506
777,FDV11,OUT017,2475.5916
778,FDP01,OUT046,2131.1187
779,FDD34,OUT027,3571.3845
780,FDJ50,OUT027,1273.4788
781,FDZ44,OUT013,1633.0961
782,DRO59,OUT035,1265.4122
783,DRB48,OUT045,433.48578
784,FDR21,OUT018,2486.07
785,NCE42,OUT010,330.44608
786,FDO23,OUT046,1146.4615
787,NCE30,OUT018,2960.355
788,FDQ22,OUT035,591.04645
789,FDY01,OUT045,1587.2802
790,FDS08,OUT017,2512.0647
791,FDG28,OUT018,2935.1875
792,FDQ51,OUT018,434.5257
793,FDB05,OUT017,3431.6636
794,FDO56,OUT049,1605.9457
795,FDE02,OUT018,1245.3624
796,FDN45,OUT017,3041.2764
797,FDS09,OUT013,330.44608
798,NCA54,OUT018,2652.1987
799,FDP09,OUT010,330.44608
800,FDC53,OUT045,1276.0942
801,NCM55,OUT017,2689.2852
802,FDL09,OUT018,2094.0713
803,FDA11,OUT019,330.44608
804,FDA50,OUT045,1176.5472
805,FDC23,OUT017,2756.311
806,FDE22,OUT049,2520.3699
807,FDD23,OUT046,2532.5571
808,NCA29,OUT049,2542.5374
809,FDK38,OUT046,2078.9246
810,DRC13,OUT046,1708.2433
811,NCP43,OUT049,2701.8733
812,FDX28,OUT049,1439.1908
813,FDF08,OUT049,1166.0555
814,FDZ33,OUT046,1930.9537
815,FDD10,OUT049,2168.2446
816,FDO58,OUT017,2434.1064
817,FDI50,OUT017,3260.367
818,FDO58,OUT045,2449.833
819,FDX08,OUT013,2844.9026
820,NCK17,OUT010,330.44608
821,FDF39,OUT035,3555.7815
822,FDU45,OUT010,330.44608
823,NCJ18,OUT018,1428.116
824,DRC27,OUT019,439.21204
825,DRC25,OUT035,1478.4446
826,FDU59,OUT035,2502.1606
827,FDU28,OUT035,2707.2122
828,NCP30,OUT046,341.26157
829,FDB39,OUT018,641.665
830,FDE41,OUT013,967.8406
831,DRH11,OUT010,330.44608
832,FDA58,OUT045,3324.8706
833,FDU50,OUT046,1567.0178
834,FDM34,OUT013,1940.3927
835,FDM44,OUT027,2479.0881
836,FDR39,OUT045,2736.3943
837,FDM25,OUT045,2535.9685
838,FDQ49,OUT049,2249.3762
839,DRH25,OUT018,514.4118
840,FDM09,OUT027,4053.4526
841,FDL44,OUT019,330.44608
842,NCR42,OUT018,330.44608
843,DRL59,OUT046,411.11526
844,FDX43,OUT013,2529.4194
845,DRK47,OUT010,330.44608
846,FDU48,OUT018,1735.2961
847,FDY12,OUT045,330.44608
848,NCN43,OUT018,1792.5411
849,NCM55,OUT018,2621.806
850,FDQ21,OUT027,2719.6309
851,FDX13,OUT035,3636.0486
852,NCK30,OUT027,5503.352
853,FDG20,OUT049,2183.0684
854,DRG27,OUT017,330.44608
855,FDY14,OUT018,3697.2625
856,FDP59,OUT035,1486.6787
857,FDU60,OUT017,2391.6863
858,NCC18,OUT019,331.9621
859,DRJ39,OUT017,3220.6858
860,FDS07,OUT049,1677.4569
861,FDM08,OUT027,4991.1523
862,FDP51,OUT045,1665.9225
863,FDU16,OUT035,1253.9454
864,FDH12,OUT013,1032.0464
865,DRE48,OUT010,330.44608
866,NCL42,OUT027,5307.0747
867,FDR21,OUT045,2633.8455
868,NCW29,OUT035,2105.906
869,FDO11,OUT013,3650.32
870,NCM31,OUT049,2160.9568
871,FDV35,OUT019,330.44608
872,FDF58,OUT017,766.4639
873,NCE43,OUT049,2368.1826
874,FDA02,OUT035,2129.037
875,DRL37,OUT010,330.44608
876,FDR24,OUT018,1131.1602
877,FDW59,OUT049,951.7495
878,FDS22,OUT049,707.68634
879,FDW24,OUT017,330.44608
880,FDU24,OUT035,1414.4005
881,FDA21,OUT027,4102.587
882,FDH58,OUT027,2641.956
883,FDW36,OUT018,1382.5874
884,FDI45,OUT027,4031.6287
885,FDU01,OUT018,2302.591
886,FDF35,OUT027,2602.3357
887,FDU43,OUT019,330.44608
888,FDE24,OUT019,330.44608
889,FDK50,OUT049,2224.6755
890,FDG31,OUT045,842.7533
891,FDC60,OUT045,961.9896
892,FDL36,OUT013,651.13513
893,FDP21,OUT013,2698.4434
894,FDW16,OUT045,1078.2695
895,FDX02,OUT017,3254.4648
896,FDQ58,OUT027,3413.3672
897,FDT51,OUT046,1621.0773
898,FDD59,OUT049,1167.3353
899,NCM42,OUT018,1476.822
900,FDA57,OUT018,330.44608
901,FDZ48,OUT035,1723.2429
902,FDE46,OUT045,2248.2493
903,NCZ30,OUT019,330.44608
904,FDB56,OUT017,2762.9167
905,FDA25,OUT027,2743.8884
906,FDD20,OUT013,1778.8485
907,FDL25,OUT013,1106.3053
908,NCO18,OUT049,2594.2603
909,FDJ45,OUT017,330.44608
910,FDR12,OUT035,2399.6746
911,NCF19,OUT010,330.44608
912,FDK25,OUT046,2339.383
913,NCR17,OUT046,1576.7522
914,FDC52,OUT046,2130.302
915,NCA54,OUT017,2634.5635
916,FDR45,OUT010,330.44608
917,NCM19,OUT049,1854.3378
918,FDF39,OUT027,5499.057
919,FDX23,OUT049,1110.0665
920,FDD58,OUT027,2276.0945
921,FDX28,OUT013,1167.2163
922,NCD31,OUT013,2566.9563
923,FDU57,OUT018,1866.6294
924,FDI27,OUT046,536.733
925,NCM42,OUT046,1477.4055
926,FDD32,OUT027,2149.4062
927,FDI34,OUT013,3099.587
928,NCM29,OUT049,1949.707
929,FDG46,OUT018,1385.4642
930,DRC01,OUT010,330.44608
931,FDB15,OUT027,5932.545
932,NCA17,OUT027,3518.9473
933,FDF10,OUT046,1902.8096
934,FDR26,OUT027,4228.0435
935,FDI02,OUT049,1629.1328
936,NCM54,OUT010,330.44608
937,FDF14,OUT013,2186.245
938,FDJ33,OUT010,330.44608
939,FDM20,OUT035,3596.7637
940,FDC03,OUT027,4575.0723
941,NCX05,OUT046,1535.3837
942,NCM41,OUT027,2185.6663
943,NCU29,OUT010,330.44608
944,FDQ59,OUT017,1173.78
945,FDH46,OUT010,330.44608
946,FDH09,OUT013,330.44608
947,NCD06,OUT045,497.43558
948,FDC15,OUT035,2536.6914
949,DRD37,OUT027,773.60223
950,FDT28,OUT027,3631.5657
951,FDR28,OUT027,3866.6501
952,FDT38,OUT017,955.3933
953,FDV34,OUT027,1759.3907
954,FDY52,OUT035,968.0124
955,FDB34,OUT013,1219.9702
956,DRL23,OUT018,1411.994
957,DRB24,OUT046,2190.1465
958,FDJ50,OUT046,448.32538
959,FDQ49,OUT035,2248.0432
960,FDP20,OUT035,2003.2214
961,FDV19,OUT027,3812.9072
962,NCR54,OUT045,2927.155
963,FDO09,OUT010,836.773
964,FDS57,OUT018,1908.7393
965,FDN10,OUT049,1992.9749
966,FDV23,OUT049,1586.2823
967,FDY28,OUT049,2624.7864
968,DRG51,OUT013,2475.958
969,FDD45,OUT019,330.44608
970,NCL18,OUT027,4560.2866
971,NCM29,OUT013,1998.933
972,FDF17,OUT027,4534.8315
973,FDE22,OUT017,2429.65
974,FDQ22,OUT017,330.44608
975,FDS01,OUT013,2763.1704
976,FDW35,OUT027,1027.7689
977,FDJ33,OUT046,1666.525
978,NCF54,OUT035,2679.1453
979,FDE09,OUT013,1430.4276
980,NCE06,OUT045,2377.6233
981,DRH49,OUT049,1404.9749
982,FDY43,OUT045,2491.0232
983,NCT05,OUT017,3733.9895
984,FDZ34,OUT045,2800.4705
985,FDL38,OUT017,1343.659
986,FDZ31,OUT017,2740.5557
987,FDR14,OUT035,995.07135
988,NCN54,OUT049,1224.086
989,NCC42,OUT027,3293.688
990,FDK08,OUT017,1636.5043
991,FDP59,OUT013,1371.7123
992,FDV22,OUT035,2512.016
993,FDD33,OUT035,3480.568
994,DRE60,OUT027,5049.124
995,FDK52,OUT046,2980.3657
996,FDA02,OUT017,2216.5146
997,FDM56,OUT049,1621.3744
998,FDE57,OUT035,2233.7224
999,FDM32,OUT045,1099.2283
1000,NCQ30,OUT027,2842.2966
1001,FDQ27,OUT027,2588.7825
1002,FDT60,OUT027,3311.4214
1003,FDU43,OUT049,3085.0198
1004,NCO55,OUT035,1828.2006
1005,FDG02,OUT045,2757.9302
1006,FDJ28,OUT013,2994.7712
1007,FDP40,OUT045,1505.3534
1008,FDJ38,OUT045,2792.9568
1009,NCC54,OUT017,3281.8733
1010,NCZ41,OUT046,1711.9025
1011,FDK38,OUT019,330.44608
1012,FDU52,OUT013,2333.37
1013,FDC40,OUT046,1024.8982
1014,NCR30,OUT017,846.3155
1015,NCN18,OUT017,1495.7817
1016,FDB50,OUT035,1362.7412
1017,FDG04,OUT013,2977.947
1018,FDR26,OUT035,2700.2087
1019,NCT17,OUT018,2737.5425
1020,FDX35,OUT027,5051.1826
1021,FDS12,OUT046,1687.8057
1022,NCZ29,OUT027,3034.3398
1023,FDB38,OUT010,330.44608
1024,FDP12,OUT013,330.44608
1025,FDP22,OUT046,406.36987
1026,FDS26,OUT018,3613.032
1027,FDR52,OUT046,2653.742
1028,DRJ13,OUT046,2178.834
1029,FDU48,OUT027,3402.811
1030,FDE29,OUT035,1061.7823
1031,NCT29,OUT049,1848.707
1032,DRK37,OUT018,2732.9312
1033,FDK55,OUT046,1195.8811
1034,FDR07,OUT046,1194.9769
1035,FDO21,OUT027,4900.1914
1036,FDK46,OUT049,3588.3496
1037,FDB12,OUT045,1217.3444
1038,FDT31,OUT027,4301.61
1039,FDJ33,OUT045,1692.2166
1040,FDC26,OUT027,2955.3418
1041,NCQ02,OUT045,2746.6206
1042,FDP08,OUT010,330.44608
1043,FDB11,OUT027,4838.326
1044,FDV55,OUT013,2202.3198
1045,FDW20,OUT049,1774.3954
1046,NCJ18,OUT019,330.44608
1047,FDC41,OUT018,861.9635
1048,FDE14,OUT027,2569.9988
1049,FDG35,OUT013,2558.9082
1050,FDF45,OUT035,785.67926
1051,FDS19,OUT027,2125.323
1052,FDS58,OUT019,330.44608
1053,FDA26,OUT017,3105.4048
1054,FDM32,OUT049,1282.8156
1055,FDL45,OUT046,1835.3402
1056,FDZ55,OUT049,2260.9678
1057,FDY37,OUT049,2062.9863
1058,FDO46,OUT046,2673.6482
1059,FDQ60,OUT046,1716.521
1060,FDA19,OUT018,1740.8859
1061,FDL15,OUT046,2096.242
1062,FDM10,OUT018,3011.8162
1063,NCL05,OUT017,330.44608
1064,DRK49,OUT010,330.44608
1065,NCE18,OUT027,5402.9507
1066,FDG40,OUT049,330.44608
1067,DRI59,OUT045,3262.6934
1068,FDK28,OUT035,3714.6204
1069,NCD06,OUT019,330.44608
1070,FDO11,OUT019,330.44608
1071,FDK27,OUT046,1728.6997
1072,FDT43,OUT027,1104.6749
1073,FDD38,OUT018,1187.9275
1074,FDA16,OUT049,2972.851
1075,FDL14,OUT027,3679.915
1076,NCM17,OUT049,626.309
1077,FDD20,OUT045,1696.021
1078,FDA40,OUT045,1130.3888
1079,FDL43,OUT045,1021.1814
1080,FDV15,OUT045,1509.2676
1081,FDE52,OUT046,1177.4517
1082,NCL17,OUT010,330.44608
1083,NCJ31,OUT045,3214.2324
1084,FDR60,OUT045,767.14905
1085,NCA18,OUT035,1911.6799
1086,FDS21,OUT027,1449.4143
1087,FDW09,OUT035,1396.5243
1088,FDL26,OUT035,2350.1802
1089,FDS47,OUT018,1089.0797
1090,FDC39,OUT046,2722.4824
1091,FDT51,OUT035,1784.853
1092,FDK40,OUT035,3797.7004
1093,NCG19,OUT045,3366.4988
1094,FDZ07,OUT046,828.55597
1095,FDF08,OUT027,2401.5864
1096,FDO04,OUT013,330.44608
1097,FDK41,OUT018,969.15173
1098,FDP15,OUT049,3348.5847
1099,NCD43,OUT018,1426.0681
1100,NCP18,OUT013,2301.7388
1101,FDZ51,OUT046,1308.7839
1102,DRH13,OUT035,1821.9858
1103,FDF38,OUT045,330.44608
1104,NCI43,OUT045,690.7754
1105,FDM38,OUT027,1584.7661
1106,FDS03,OUT013,471.70374
1107,DRJ47,OUT017,2443.3528
1108,FDT50,OUT010,330.44608
1109,FDV02,OUT046,2430.9707
1110,NCG18,OUT017,1406.6077
1111,FDW52,OUT046,2338.6038
1112,FDS40,OUT035,466.59775
1113,FDN31,OUT017,2691.9011
1114,FDA37,OUT045,1650.8643
1115,FDA15,OUT046,3218.1235
1116,FDL39,OUT046,2523.8381
1117,FDJ53,OUT045,1669.915
1118,FDX22,OUT013,3035.04
1119,NCZ42,OUT045,3499.6448
1120,FDD56,OUT027,4337.8247
1121,FDD40,OUT017,2848.7202
1122,FDS50,OUT013,3370.3264
1123,NCN14,OUT013,3009.8196
1124,FDT15,OUT013,2578.7576
1125,NCS18,OUT027,2556.1848
1126,NCO26,OUT010,330.44608
1127,FDF58,OUT018,672.66077
1128,NCB19,OUT013,984.23376
1129,FDH26,OUT017,2110.4866
1130,DRB24,OUT027,3366.9392
1131,FDA49,OUT018,1087.1793
1132,FDB32,OUT045,1192.6921
1133,FDI36,OUT017,2766.056
1134,NCA17,OUT010,330.44608
1135,FDH22,OUT013,1668.166
1136,NCM26,OUT018,2308.6611
1137,FDT15,OUT027,4322.538
1138,FDB16,OUT018,1105.1893
1139,NCP54,OUT027,2895.5337
1140,FDJ36,OUT013,1345.7104
1141,FDO28,OUT045,1629.6814
1142,FDU09,OUT013,330.44608
1143,FDF29,OUT017,2011.5338
1144,FDY08,OUT013,1836.1318
1145,DRJ59,OUT018,330.44608
1146,FDT23,OUT027,2164.5557
1147,FDU15,OUT018,330.44608
1148,FDT47,OUT013,1258.5956
1149,FDI53,OUT019,330.44608
1150,FDR59,OUT018,3005.3752
1151,FDD53,OUT035,586.24603
1152,FDY51,OUT017,3070.537
1153,FDT04,OUT049,404.3919
1154,FDU51,OUT049,2114.34
1155,FDG14,OUT035,2245.3005
1156,NCU06,OUT045,3424.5396
1157,DRG25,OUT046,2506.3506
1158,DRH49,OUT035,1434.8588
1159,FDN15,OUT035,2220.3582
1160,FDL43,OUT018,916.5528
1161,NCT18,OUT049,2619.3694
1162,NCB31,OUT013,3744.8171
1163,FDK57,OUT035,2022.4261
1164,FDY04,OUT019,330.44608
1165,NCP54,OUT046,1693.4625
1166,FDF41,OUT013,3560.5017
1167,FDM01,OUT045,1323.5514
1168,FDW03,OUT045,1456.4474
1169,FDF28,OUT045,1719.165
1170,FDY37,OUT017,2134.219
1171,FDQ03,OUT017,3329.4338
1172,FDP51,OUT027,3078.3677
1173,FDJ40,OUT017,1716.1841
1174,FDC32,OUT049,1397.6926
1175,DRI49,OUT027,2046.8241
1176,NCW54,OUT017,419.45956
1177,FDF09,OUT017,330.44608
1178,FDP45,OUT018,3078.5928
1179,DRJ23,OUT018,2714.5078
1180,FDS59,OUT017,1618.1902
1181,FDY08,OUT046,1961.3323
1182,FDX16,OUT049,2052.8984
1183,FDY16,OUT018,2228.2288
1184,FDK32,OUT035,2243.71
1185,FDQ22,OUT013,330.44608
1186,NCC31,OUT018,2305.7776
1187,FDG58,OUT049,1872.8416
1188,DRF48,OUT013,2977.7732
1189,DRH36,OUT049,1289.5347
1190,NCR30,OUT035,1295.4867
1191,FDB03,OUT019,648.62726
1192,FDZ28,OUT027,3183.4314
1193,FDR35,OUT017,3007.5027
1194,DRD15,OUT027,5276.485
1195,FDJ33,OUT019,330.44608
1196,FDA56,OUT010,330.44608
1197,FDP56,OUT046,330.44608
1198,NCT30,OUT046,437.88867
1199,FDK15,OUT017,1333.7198
1200,FDH44,OUT018,1822.5636
1201,FDV01,OUT013,2147.6104
1202,DRG03,OUT017,2108.0828
1203,FDG50,OUT027,2264.3442
1204,FDR16,OUT010,330.44608
1205,FDZ60,OUT046,1382.6936
1206,DRG03,OUT045,2203.8955
1207,FDS56,OUT018,3168.3892
1208,FDU33,OUT045,530.7789
1209,DRD27,OUT035,1585.6534
1210,FDW22,OUT046,3064.6082
1211,DRA24,OUT045,2281.4407
1212,FDF38,OUT049,375.69418
1213,FDX48,OUT013,2212.88
1214,FDS58,OUT018,1956.6022
1215,FDC32,OUT046,1127.0714
1216,NCQ29,OUT045,3778.715
1217,DRK39,OUT018,1057.4281
1218,NCS38,OUT017,1534.5725
1219,DRO47,OUT013,1473.0084
1220,DRG27,OUT027,1100.5107
1221,FDC57,OUT027,4483.107
1222,FDS55,OUT046,2022.9332
1223,NCJ06,OUT018,1656.7802
1224,FDO01,OUT019,330.44608
1225,NCM55,OUT045,2760.8694
1226,FDC52,OUT049,2209.1292
1227,FDQ15,OUT045,989.5023
1228,NCT30,OUT027,1037.8951
1229,NCR42,OUT027,485.0588
1230,FDD28,OUT035,883.5902
1231,FDQ34,OUT049,1561.6123
1232,FDZ12,OUT027,3753.3232
1233,DRE13,OUT019,330.44608
1234,NCN07,OUT019,330.44608
1235,FDM28,OUT035,2756.302
1236,FDI10,OUT017,2666.6504
1237,FDQ25,OUT013,2435.6213
1238,FDA38,OUT010,330.44608
1239,DRI13,OUT049,3224.215
1240,FDY20,OUT027,2480.9873
1241,NCZ53,OUT035,2848.1487
1242,NCM31,OUT013,2109.838
1243,DRB01,OUT017,2705.8184
1244,DRF37,OUT046,3063.0251
1245,NCF42,OUT049,2317.6992
1246,FDF16,OUT018,1967.7965
1247,FDB41,OUT013,330.44608
1248,FDR34,OUT013,3275.4138
1249,FDR15,OUT018,1886.4546
1250,NCV42,OUT019,330.44608
1251,FDW51,OUT035,3181.6123
1252,FDU36,OUT017,1257.9641
1253,FDX60,OUT049,889.57587
1254,FDY03,OUT035,1877.054
1255,FDW55,OUT045,3511.9756
1256,FDT01,OUT010,516.3261
1257,FDG58,OUT013,2042.2462
1258,FDK21,OUT017,3639.444
1259,NCS41,OUT019,330.44608
1260,FDS10,OUT045,2681.446
1261,NCT53,OUT046,2263.2354
1262,FDJ28,OUT018,2784.7727
1263,FDX44,OUT045,1044.8251
1264,FDT20,OUT018,330.44608
1265,FDO44,OUT017,1406.4045
1266,NCX17,OUT049,2991.3105
1267,FDY01,OUT017,1596.5365
1268,FDJ12,OUT027,4642.0796
1269,DRK35,OUT018,330.44608
1270,FDD47,OUT019,330.44608
1271,NCM53,OUT035,1757.7881
1272,FDO45,OUT013,967.1845
1273,NCM42,OUT010,330.44608
1274,FDE04,OUT046,2540.7544
1275,NCI30,OUT027,5401.077
1276,FDZ19,OUT013,2618.6733
1277,FDW57,OUT013,2363.6746
1278,FDA25,OUT013,1333.7635
1279,FDT22,OUT046,910.9271
1280,FDP51,OUT013,1486.2449
1281,FDD48,OUT027,3028.783
1282,FDY39,OUT035,2778.2808
1283,FDO48,OUT010,330.44608
1284,FDD23,OUT027,4207.5107
1285,DRN35,OUT027,751.26587
1286,FDT01,OUT035,3189.9146
1287,FDC20,OUT010,330.44608
1288,DRJ35,OUT035,1022.27264
1289,FDB32,OUT046,1186.006
1290,FDL24,OUT046,2347.0017
1291,NCV42,OUT035,1843.1094
1292,FDZ46,OUT046,1599.0564
1293,FDC15,OUT013,2138.5156
1294,FDD08,OUT019,330.44608
1295,FDY50,OUT049,1188.368
1296,FDD36,OUT013,1306.4512
1297,FDG57,OUT027,1161.035
1298,FDL21,OUT018,330.48682
1299,FDN16,OUT027,2689.3794
1300,FDJ09,OUT027,881.0009
1301,FDS01,OUT010,330.44608
1302,FDV33,OUT017,3598.886
1303,DRE12,OUT017,1675.0618
1304,FDR07,OUT013,1133.3195
1305,FDP48,OUT010,330.44608
1306,NCB55,OUT035,1077.353
1307,FDQ08,OUT013,587.5368
1308,FDR34,OUT035,3422.0554
1309,FDO33,OUT046,1593.1294
1310,FDP13,OUT045,330.44608
1311,FDX12,OUT049,3362.712
1312,NCT06,OUT049,2470.1008
1313,FDR16,OUT019,330.44608
1314,FDE36,OUT046,2231.674
1315,FDZ36,OUT049,2611.5537
1316,FDV13,OUT045,1048.3053
1317,NCZ17,OUT035,558.7049
1318,FDU56,OUT045,2677.506
1319,FDM09,OUT035,2765.7556
1320,FDV02,OUT017,2430.4504
1321,FDS34,OUT018,1404.3555
1322,FDA11,OUT049,1095.5911
1323,FDP09,OUT017,3114.3376
1324,FDB29,OUT027,2934.7075
1325,FDT19,OUT017,2657.5085
1326,DRH15,OUT017,330.44608
1327,FDY38,OUT046,3043.8337
1328,FDF14,OUT027,3688.367
1329,FDN48,OUT010,330.44608
1330,FDQ12,OUT013,3381.5881
1331,NCJ43,OUT045,2521.8918
1332,FDE17,OUT019,330.44608
1333,FDB05,OUT035,3625.1394
1334,FDH10,OUT045,2856.6956
1335,NCR06,OUT017,330.44608
1336,FDU32,OUT018,1656.1053
1337,FDD56,OUT049,2214.1052
1338,FDO36,OUT018,2424.3252
1339,FDH16,OUT010,330.44608
1340,FDX10,OUT018,333.59216
1341,FDZ37,OUT017,1345.5082
1342,FDU31,OUT010,330.44608
1343,DRC49,OUT049,2317.0137
1344,FDL15,OUT045,2210.1567
1345,FDN32,OUT019,330.44608
1346,DRH59,OUT027,1802.1964
1347,NCU29,OUT049,2186.695
1348,FDR37,OUT019,330.44608
1349,FDS14,OUT018,2167.3923
1350,FDU02,OUT027,5269.0586
1351,FDJ08,OUT035,2977.3796
1352,NCZ06,OUT045,3674.7346
1353,FDO31,OUT049,1108.5845
1354,FDH31,OUT018,1209.6865
1355,FDS58,OUT017,2648.8357
1356,NCA53,OUT027,989.41144
1357,FDF50,OUT046,2757.6892
1358,NCW42,OUT049,3045.8975
1359,NCQ17,OUT045,2301.357
1360,FDK51,OUT018,3832.8015
1361,NCW41,OUT010,330.44608
1362,NCR29,OUT017,388.44656
1363,FDB08,OUT019,330.44608
1364,FDA40,OUT027,2420.1665
1365,FDL14,OUT018,1931.5156
1366,FDB47,OUT046,2599.581
1367,FDO03,OUT035,3314.8472
1368,DRK13,OUT019,330.44608
1369,FDX13,OUT010,330.44608
1370,FDF52,OUT046,2535.724
1371,FDT11,OUT013,2762.77
1372,FDB08,OUT013,2535.0073
1373,FDQ28,OUT018,1939.1794
1374,FDD29,OUT045,3673.4011
1375,NCQ29,OUT027,5737.3584
1376,NCO02,OUT013,556.111
1377,FDR56,OUT010,330.44608
1378,NCM54,OUT049,1946.5753
1379,FDP51,OUT035,1940.7349
1380,FDT38,OUT013,712.79236
1381,FDZ20,OUT018,3640.3665
1382,FDJ53,OUT013,1629.2577
1383,FDX13,OUT049,3240.0586
1384,FDP58,OUT035,3405.664
1385,NCK31,OUT019,330.44608
1386,FDA35,OUT018,1495.3541
1387,FDV37,OUT018,2432.0593
1388,NCO07,OUT027,4638.3267
1389,FDA20,OUT045,2750.4343
1390,FDZ59,OUT035,2470.8157
1391,NCY17,OUT017,330.44608
1392,FDQ28,OUT035,2300.915
1393,FDV35,OUT017,2009.7893
1394,FDQ36,OUT013,330.44608
1395,FDD34,OUT018,2418.2473
1396,FDK51,OUT045,3827.596
1397,FDV31,OUT035,2755.0881
1398,FDR04,OUT035,1544.1276
1399,FDR14,OUT049,690.8368
1400,DRC36,OUT010,330.44608
1401,FDE39,OUT019,330.44608
1402,FDP57,OUT049,1800.3353
1403,FDE57,OUT046,2003.7997
1404,NCN18,OUT046,1398.9686
1405,NCQ05,OUT018,2189.9268
1406,FDW47,OUT035,1890.747
1407,FDV46,OUT035,2228.0806
1408,NCP29,OUT045,711.94507
1409,FDE09,OUT018,1470.4463
1410,NCU06,OUT027,5098.283
1411,FDT19,OUT010,330.44608
1412,DRF15,OUT017,2192.6443
1413,DRI51,OUT013,2617.3362
1414,NCX54,OUT013,1432.767
1415,DRE01,OUT013,3225.9802
1416,NCB07,OUT045,2905.1628
1417,FDU50,OUT035,1765.8987
1418,FDG40,OUT035,449.92728
1419,FDW10,OUT018,2481.9846
1420,FDX51,OUT013,2796.566
1421,NCP17,OUT045,841.67316
1422,FDP21,OUT035,2918.4136
1423,FDL04,OUT045,1370.479
1424,FDV23,OUT013,1472.988
1425,FDF24,OUT046,1083.1149
1426,FDH56,OUT027,2961.5315
1427,FDB51,OUT049,763.9153
1428,FDI58,OUT027,2351.2878
1429,FDR20,OUT013,357.33813
1430,FDC51,OUT018,1489.497
1431,FDB16,OUT027,2196.9526
1432,FDE40,OUT049,906.47754
1433,NCM17,OUT035,704.80334
1434,FDU56,OUT035,2791.8901
1435,FDS32,OUT019,330.44608
1436,FDX02,OUT049,2947.9119
1437,FDT39,OUT027,3639.5107
1438,FDE35,OUT017,1109.5806
1439,NCI42,OUT019,330.44608
1440,DRL23,OUT046,1425.8179
1441,FDA10,OUT046,1597.7554
1442,FDA11,OUT013,804.43475
1443,NCM06,OUT046,2068.5854
1444,NCT05,OUT035,3756.2964
1445,NCQ02,OUT010,330.44608
1446,NCY06,OUT049,1986.8762
1447,FDY56,OUT035,3211.467
1448,FDL02,OUT035,1620.0565
1449,NCI06,OUT035,2765.2917
1450,FDQ14,OUT045,2134.239
1451,FDQ12,OUT017,3422.4497
1452,FDP36,OUT046,696.339
1453,FDK21,OUT027,5263.734
1454,FDO40,OUT045,2095.2632
1455,NCK54,OUT019,330.44608
1456,FDY09,OUT018,2603.6562
1457,NCW30,OUT049,3556.2273
1458,NCC55,OUT027,552.0958
1459,FDE58,OUT018,1598.847
1460,FDR39,OUT013,2790.5403
1461,FDU28,OUT049,2442.363
1462,FDH08,OUT017,3400.8938
1463,FDG35,OUT045,2451.9666
1464,FDG22,OUT049,526.3972
1465,FDC34,OUT035,2672.5647
1466,FDP15,OUT018,3574.6467
1467,FDK34,OUT010,330.44608
1468,FDU45,OUT035,1974.9716
1469,FDQ04,OUT027,944.5189
1470,FDX22,OUT018,2615.9587
1471,FDB45,OUT017,1347.6716
1472,NCH43,OUT027,4856.554
1473,DRE60,OUT046,2599.2607
1474,FDD17,OUT027,5256.9106
1475,NCM54,OUT017,1783.3201
1476,NCH55,OUT013,1905.5001
1477,NCT06,OUT017,2391.4128
1478,FDA48,OUT027,5322.9434
1479,FDY58,OUT027,4903.811
1480,FDO25,OUT045,3044.4006
1481,FDN50,OUT045,1158.8593
1482,FDH35,OUT035,2658.0496
1483,FDK09,OUT045,3244.069
1484,FDO16,OUT013,742.79785
1485,FDW11,OUT045,731.2747
1486,FDU47,OUT027,3298.8242
1487,NCQ42,OUT010,330.44608
1488,FDK55,OUT027,2046.9391
1489,FDN08,OUT049,1495.6526
1490,FDT57,OUT045,3433.7021
1491,FDJ12,OUT018,2520.4756
1492,DRL59,OUT017,330.44608
1493,NCN53,OUT046,330.44608
1494,FDO51,OUT010,330.44608
1495,FDK56,OUT017,2510.6987
1496,FDY12,OUT035,656.7871
1497,FDU15,OUT035,526.0482
1498,FDQ19,OUT046,3270.253
1499,DRF15,OUT045,2196.1758
1500,DRE25,OUT019,330.44608
1501,FDK57,OUT018,1585.9498
1502,FDD33,OUT010,330.44608
1503,FDR34,OUT027,4989.9316
1504,FDU04,OUT045,1649.4852
1505,FDE35,OUT019,330.44608
1506,NCD31,OUT035,2532.154
1507,FDJ56,OUT035,1763.3092
1508,NCU53,OUT046,2267.8145
1509,FDD39,OUT035,3196.3733
1510,NCU17,OUT019,330.44608
1511,FDJ20,OUT046,1767.023
1512,NCW41,OUT018,2317.5647
1513,FDL52,OUT035,400.15186
1514,FDS39,OUT035,2256.968
1515,DRJ47,OUT045,2534.07
1516,FDP13,OUT010,330.44608
1517,DRK39,OUT010,330.44608
1518,FDF28,OUT010,330.44608
1519,FDB09,OUT045,1729.8518
1520,FDM51,OUT046,1433.2339
1521,DRM49,OUT018,533.35236
1522,DRF23,OUT013,2593.366
1523,DRH01,OUT035,2783.8284
1524,FDH12,OUT027,2926.468
1525,FDA28,OUT019,330.44608
1526,FDW37,OUT018,1091.7943
1527,FDF02,OUT046,1312.3109
1528,DRL37,OUT046,783.03613
1529,NCF43,OUT046,1935.7993
1530,FDH08,OUT010,330.44608
1531,FDR34,OUT019,330.44608
1532,NCK19,OUT049,2766.1897
1533,NCD55,OUT018,356.86588
1534,FDT27,OUT049,2850.8376
1535,FDQ57,OUT045,2183.9888
1536,FDA47,OUT035,2403.44
1537,DRG15,OUT027,1651.855
1538,FDE05,OUT018,1776.1118
1539,FDN46,OUT046,1223.8564
1540,FDX27,OUT027,2612.3508
1541,FDT51,OUT045,1562.5836
1542,FDU33,OUT013,330.44608
1543,FDJ16,OUT027,1586.5398
1544,FDD20,OUT019,330.44608
1545,FDT36,OUT049,330.44608
1546,DRF15,OUT027,3673.017
1547,FDN52,OUT010,330.44608
1548,FDC22,OUT027,4441.445
1549,FDX15,OUT045,2356.1445
1550,FDT13,OUT013,2909.7615
1551,FDU04,OUT017,1728.4624
1552,FDU31,OUT019,330.44608
1553,FDW59,OUT027,2204.1184
1554,NCO29,OUT046,2293.1714
1555,FDL15,OUT035,2430.6006
1556,FDI41,OUT049,1995.3284
1557,FDQ48,OUT049,1536.5271
1558,DRI39,OUT013,330.44608
1559,FDI08,OUT013,3623.9102
1560,FDC21,OUT049,1517.7964
1561,FDF58,OUT035,1048.1815
1562,FDS08,OUT010,330.44608
1563,FDE47,OUT045,1934.719
1564,NCP18,OUT019,330.44608
1565,NCR41,OUT013,1231.5088
1566,FDA27,OUT013,3735.8196
1567,FDA43,OUT035,2952.1511
1568,FDA49,OUT045,1068.2454
1569,NCE55,OUT018,2682.0354
1570,DRM49,OUT027,1245.2546
1571,FDF22,OUT027,4670.539
1572,FDQ15,OUT018,1007.6361
1573,NCS54,OUT017,2574.7117
1574,NCY05,OUT013,330.44608
1575,FDR45,OUT046,2976.6965
1576,FDK57,OUT049,1988.0566
1577,FDF41,OUT010,330.44608
1578,FDV21,OUT046,1897.6523
1579,FDD51,OUT046,330.44608
1580,FDF33,OUT046,1635.4476
1581,FDA38,OUT046,3133.8882
1582,FDR56,OUT045,2691.2896
1583,NCN41,OUT017,1670.6503
1584,FDC60,OUT027,2494.096
1585,FDB47,OUT045,3025.0786
1586,DRH01,OUT013,2625.6748
1587,FDW08,OUT046,1330.1459
1588,FDF38,OUT027,962.24774
1589,FDY32,OUT017,2171.35
1590,FDG34,OUT049,1518.1155
1591,FDG47,OUT019,703.0699
1592,NCF18,OUT035,2949.016
1593,FDL39,OUT019,330.44608
1594,NCH55,OUT035,2041.6343
1595,DRJ35,OUT049,843.62103
1596,FDS44,OUT035,3494.2168
1597,DRE01,OUT018,3187.0923
1598,FDY39,OUT013,2587.6897
1599,FDY32,OUT018,2115.7175
1600,FDR33,OUT027,2491.3743
1601,NCP50,OUT049,1315.3876
1602,FDZ47,OUT018,1248.6488
1603,FDU57,OUT049,1853.8793
1604,FDY44,OUT013,2818.7095
1605,DRH59,OUT018,859.6562
1606,FDB03,OUT027,5527.071
1607,FDY46,OUT045,2767.952
1608,FDM39,OUT045,2571.1392
1609,FDY36,OUT035,1143.0367
1610,NCM55,OUT035,2877.1843
1611,FDJ50,OUT010,330.44608
1612,DRL60,OUT013,2438.4895
1613,NCJ54,OUT049,3133.5693
1614,FDX59,OUT017,330.44608
1615,FDI07,OUT013,2919.076
1616,DRF51,OUT010,330.44608
1617,FDM14,OUT017,1520.8729
1618,FDP21,OUT045,2650.1904
1619,FDE40,OUT035,931.8927
1620,FDE05,OUT035,2182.5334
1621,FDM13,OUT027,3389.6978
1622,FDC34,OUT027,3854.4727
1623,NCI55,OUT018,1763.5784
1624,NCE43,OUT018,2312.8962
1625,FDW58,OUT018,1524.4497
1626,FDG60,OUT045,3356.787
1627,FDV31,OUT017,2410.7827
1628,FDR47,OUT013,2896.548
1629,FDM60,OUT019,330.44608
1630,NCF06,OUT018,3755.1646
1631,NCN26,OUT027,2693.9043
1632,FDQ59,OUT049,1392.1527
1633,FDF09,OUT046,330.44608
1634,NCS06,OUT017,3943.037
1635,FDT44,OUT046,1580.7
1636,FDI19,OUT017,3443.5845
1637,FDT22,OUT017,666.6952
1638,NCF54,OUT027,3919.669
1639,DRG25,OUT045,2740.4705
1640,FDB59,OUT017,2969.8364
1641,FDQ37,OUT017,2724.3003
1642,FDP56,OUT035,747.79895
1643,FDW44,OUT035,2527.2605
1644,FDJ26,OUT010,330.44608
1645,FDU43,OUT018,2866.0889
1646,FDW33,OUT045,1635.359
1647,NCX53,OUT027,3320.2834
1648,FDN56,OUT010,330.44608
1649,DRF15,OUT049,2089.6138
1650,FDO33,OUT017,1641.0997
1651,FDZ39,OUT010,330.44608
1652,NCJ19,OUT017,482.769
1653,FDU01,OUT035,2602.9011
1654,FDT12,OUT035,3076.5317
1655,NCM18,OUT018,620.3933
1656,FDP19,OUT017,1625.6188
1657,NCR42,OUT049,426.04742
1658,FDN10,OUT046,1739.6888
1659,FDG44,OUT017,330.44608
1660,FDQ10,OUT046,2334.7073
1661,DRH13,OUT049,1832.4963
1662,FDT52,OUT013,3577.7532
1663,FDM56,OUT045,1474.403
1664,NCO43,OUT010,330.44608
1665,NCV29,OUT035,2699.446
1666,NCF06,OUT013,3983.8792
1667,FDO50,OUT035,1504.137
1668,FDT59,OUT013,3427.8225
1669,FDX40,OUT027,873.08966
1670,FDE50,OUT017,2730.1787
1671,FDX51,OUT017,3043.678
1672,NCD30,OUT018,1293.5088
1673,FDK15,OUT013,1257.252
1674,FDL12,OUT045,507.94107
1675,FDK46,OUT017,3651.851
1676,DRH49,OUT010,330.44608
1677,FDQ57,OUT046,2073.9338
1678,FDY59,OUT017,1224.2611
1679,FDO09,OUT018,3008.7542
1680,NCG30,OUT035,2118.895
1681,FDM09,OUT017,2618.1292
1682,NCN17,OUT027,2437.625
1683,NCS42,OUT013,1074.0836
1684,FDD02,OUT019,330.44608
1685,FDE34,OUT013,2688.5557
1686,FDU38,OUT045,2805.838
1687,FDB33,OUT046,2258.005
1688,NCJ29,OUT017,1071.4016
1689,FDZ27,OUT035,705.77704
1690,FDI40,OUT013,1167.2931
1691,FDG22,OUT013,330.44608
1692,FDT51,OUT017,1894.5321
1693,FDF20,OUT018,2891.1555
1694,FDV50,OUT035,2020.1226
1695,FDT02,OUT049,330.44608
1696,DRC49,OUT017,2147.9185
1697,FDF26,OUT049,2156.845
1698,FDV52,OUT035,1753.5582
1699,FDX59,OUT049,330.44608
1700,FDV25,OUT035,3256.4666
1701,FDW23,OUT027,1134.8102
1702,FDE53,OUT018,1409.3391
1703,FDA19,OUT017,1769.9446
1704,FDH22,OUT046,1647.1464
1705,NCO41,OUT013,1239.2156
1706,FDX12,OUT017,3303.2937
1707,FDF17,OUT013,3058.1077
1708,FDS11,OUT045,3129.8276
1709,FDR51,OUT035,2497.2046
1710,FDT49,OUT010,330.44608
1711,FDC56,OUT013,1615.1919
1712,FDR13,OUT027,2895.0864
1713,FDQ60,OUT035,1785.5128
1714,FDN38,OUT049,3180.999
1715,NCL29,OUT013,2295.0698
1716,FDO13,OUT027,4042.654
1717,FDE26,OUT018,1856.2764
1718,FDA31,OUT010,330.44608
1719,FDX14,OUT035,1248.1263
1720,FDA34,OUT045,2624.9502
1721,FDF26,OUT013,2140.9321
1722,FDE38,OUT045,2392.9329
1723,DRI11,OUT046,1549.015
1724,FDQ60,OUT027,3163.099
1725,FDL21,OUT027,872.7321
1726,DRC12,OUT027,4185.0176
1727,FDC47,OUT046,2701.5803
1728,FDE57,OUT045,1967.502
1729,FDT14,OUT045,1655.8414
1730,NCZ53,OUT046,2572.2178
1731,FDE28,OUT018,2758.9333
1732,FDR19,OUT035,2331.3315
1733,NCF54,OUT019,330.44608
1734,FDZ08,OUT046,1121.0631
1735,NCJ05,OUT018,2201.6704
1736,FDF59,OUT046,1893.1763
1737,NCO05,OUT035,1664.3424
1738,FDW24,OUT018,617.6698
1739,NCX42,OUT018,2490.3076
1740,NCA53,OUT035,738.1163
1741,FDI45,OUT019,330.44608
1742,FDG46,OUT046,1586.6228
1743,FDM20,OUT010,330.44608
1744,FDW11,OUT010,330.44608
1745,FDX08,OUT035,2725.6013
1746,NCK17,OUT035,612.8713
1747,FDK32,OUT018,1834.5875
1748,NCA42,OUT035,2500.1968
1749,DRI01,OUT035,2701.4094
1750,NCL55,OUT049,3489.4849
1751,DRE25,OUT018,1192.4614
1752,FDD14,OUT017,2320.6663
1753,FDB10,OUT046,2863.0999
1754,DRN11,OUT035,2407.4807
1755,FDP38,OUT018,597.8566
1756,NCA30,OUT017,2540.3115
1757,FDT15,OUT017,2864.673
1758,NCP55,OUT018,594.5626
1759,FDF12,OUT035,2316.486
1760,FDM21,OUT018,3629.329
1761,FDX56,OUT035,2997.4705
1762,FDF10,OUT017,2193.6235
1763,FDT32,OUT045,2703.6318
1764,FDM51,OUT018,1212.6034
1765,NCR50,OUT018,2298.8867
1766,FDI19,OUT049,3296.69
1767,FDX21,OUT017,1539.7434
1768,FDR31,OUT035,2199.0403
1769,FDY02,OUT013,3722.6814
1770,NCA29,OUT045,2466.76
1771,NCX17,OUT046,2900.1033
1772,FDM12,OUT045,2701.2217
1773,FDI53,OUT027,4121.2104
1774,NCU30,OUT049,2406.7454
1775,FDC56,OUT027,3090.4502
1776,FDK27,OUT018,1786.9753
1777,NCK18,OUT017,2447.6213
1778,FDB52,OUT019,418.00452
1779,DRG25,OUT027,4081.3496
1780,FDZ13,OUT049,908.58844
1781,FDB57,OUT019,330.44608
1782,FDR40,OUT046,1056.1066
1783,NCO14,OUT019,330.44608
1784,NCN19,OUT045,2801.1223
1785,FDQ28,OUT019,330.44608
1786,FDO13,OUT018,2235.3079
1787,FDK48,OUT013,478.41498
1788,FDU07,OUT018,2106.5881
1789,FDW20,OUT046,1732.2883
1790,FDV12,OUT010,330.44608
1791,FDH24,OUT013,2144.5977
1792,FDV59,OUT049,2826.4138
1793,FDK57,OUT045,1847.7443
1794,FDL16,OUT027,1282.5132
1795,NCQ17,OUT046,2043.0219
1796,FDJ15,OUT018,2288.1208
1797,FDX24,OUT049,1059.8862
1798,FDT47,OUT046,1259.6621
1799,FDT10,OUT049,924.88324
1800,FDZ37,OUT018,997.3008
1801,FDW43,OUT027,5016.194
1802,DRN36,OUT017,1383.7235
1803,FDJ14,OUT045,895.95795
1804,FDA32,OUT013,3408.9797
1805,FDJ38,OUT019,330.44608
1806,FDQ57,OUT017,2240.2498
1807,NCQ41,OUT019,330.44608
1808,FDG56,OUT049,798.06726
1809,DRC13,OUT027,2931.156
1810,FDV55,OUT035,2293.8728
1811,FDQ49,OUT045,2317.1482
1812,FDE29,OUT010,330.44608
1813,FDR03,OUT013,3026.8909
1814,FDD45,OUT049,1337.3086
1815,FDN38,OUT010,578.19336
1816,FDT56,OUT046,780.55585
1817,FDT48,OUT045,2862.2327
1818,FDU03,OUT049,2174.67
1819,FDC56,OUT010,330.44608
1820,NCO43,OUT027,2302.8955
1821,FDQ27,OUT017,1717.09
1822,FDR03,OUT046,2877.0708
1823,DRH23,OUT010,330.44608
1824,FDG22,OUT045,396.42328
1825,NCJ42,OUT013,1453.2914
1826,FDR24,OUT046,1245.2037
1827,FDW60,OUT035,2452.1355
1828,FDJ08,OUT013,2840.2166
1829,DRL59,OUT018,567.05237
1830,FDG60,OUT010,330.44608
1831,FDW27,OUT017,2543.138
1832,FDX14,OUT018,928.73047
1833,FDC20,OUT013,330.44608
1834,NCS29,OUT018,3712.1401
1835,FDJ56,OUT046,1227.0737
1836,FDB20,OUT019,330.44608
1837,FDL28,OUT027,5098.2046
1838,FDW01,OUT018,2032.5063
1839,FDL03,OUT046,2770.3726
1840,FDX22,OUT049,2594.2214
1841,FDJ21,OUT035,2377.4214
1842,FDR31,OUT045,2162.8308
1843,FDG21,OUT035,2543.6523
1844,FDS22,OUT027,957.35864
1845,FDK08,OUT035,1644.8325
1846,FDE17,OUT018,1836.1277
1847,NCN30,OUT017,1273.5343
1848,FDT50,OUT046,1350.2563
1849,NCX42,OUT049,2408.4539
1850,FDJ12,OUT035,2870.5242
1851,NCA18,OUT027,2794.0793
1852,FDP23,OUT019,330.44608
1853,FDX12,OUT013,3574.5754
1854,FDN40,OUT018,2031.3386
1855,FDV48,OUT035,1033.5505
1856,NCY54,OUT013,2403.0164
1857,FDL16,OUT010,330.44608
1858,FDR45,OUT018,3492.517
1859,FDJ52,OUT046,2316.341
1860,DRG01,OUT017,1074.1012
1861,FDP52,OUT013,3328.2148
1862,FDU58,OUT017,2943.458
1863,FDL02,OUT045,1333.5067
1864,FDG28,OUT013,3561.0752
1865,FDA19,OUT035,2073.3862
1866,FDW46,OUT027,1611.3538
1867,NCD43,OUT049,1593.0641
1868,DRG39,OUT013,330.44608
1869,NCF55,OUT049,454.66403
1870,FDJ07,OUT046,1695.0934
1871,FDE08,OUT046,2110.0017
1872,FDP56,OUT019,330.44608
1873,FDT45,OUT045,734.67413
1874,FDF17,OUT018,2801.787
1875,FDX44,OUT046,1058.9407
1876,FDM28,OUT027,4218.3096
1877,FDI36,OUT049,2770.86
1878,FDS07,OUT045,1574.0262
1879,FDD36,OUT045,1601.6115
1880,FDW11,OUT046,611.8614
1881,FDN40,OUT049,2082.6687
1882,NCQ18,OUT049,1487.7155
1883,NCQ54,OUT017,2432.201
1884,NCS42,OUT045,1233.5896
1885,DRH39,OUT010,330.44608
1886,FDC09,OUT027,2630.6887
1887,FDT08,OUT010,330.44608
1888,FDC08,OUT035,3155.103
1889,FDT20,OUT017,330.44608
1890,FDS35,OUT035,1058.0095
1891,FDX58,OUT018,2642.6433
1892,FDW58,OUT046,1693.5996
1893,DRD27,OUT046,1282.8573
1894,FDH32,OUT019,330.44608
1895,FDS26,OUT035,3782.949
1896,FDQ31,OUT046,1150.2365
1897,FDP11,OUT018,3039.027
1898,FDD58,OUT017,1410.7872
1899,FDM33,OUT045,3136.9727
1900,FDZ16,OUT049,2408.7793
1901,NCS29,OUT010,555.6085
1902,NCM18,OUT019,330.44608
1903,FDP11,OUT049,2811.6482
1904,NCC42,OUT017,1997.7551
1905,DRM23,OUT046,2265.4229
1906,NCN55,OUT027,5194.8677
1907,FDK46,OUT013,3784.168
1908,FDR01,OUT046,2733.4578
1909,NCA05,OUT045,2146.283
1910,NCP43,OUT017,2628.7493
1911,FDR12,OUT010,330.44608
1912,FDQ01,OUT013,3537.4546
1913,FDM13,OUT046,1806.4248
1914,FDQ19,OUT017,3520.1184
1915,FDK56,OUT019,330.44608
1916,NCX06,OUT010,330.44608
1917,FDO56,OUT027,3016.2937
1918,FDU45,OUT045,1535.684
1919,FDI16,OUT019,330.44608
1920,FDL32,OUT046,1605.3202
1921,FDA07,OUT046,1743.0852
1922,FDA14,OUT045,2083.3936
1923,FDV46,OUT027,3107.8687
1924,NCO07,OUT035,3231.284
1925,NCP41,OUT046,1438.7665
1926,FDY60,OUT018,1724.4111
1927,FDN38,OUT017,3415.5493
1928,FDO15,OUT046,961.7605
1929,FDT60,OUT013,1397.4218
1930,FDA55,OUT035,3203.0112
1931,FDE02,OUT010,330.44608
1932,DRJ39,OUT049,2964.4814
1933,FDV34,OUT035,1321.1561
1934,FDS20,OUT027,4285.6353
1935,FDF02,OUT027,2750.6062
1936,FDW40,OUT017,2109.671
1937,NCB43,OUT046,2439.6213
1938,FDR58,OUT017,1273.2031
1939,DRJ59,OUT035,573.80634
1940,NCD30,OUT017,1317.6543
1941,FDE14,OUT017,1485.9427
1942,FDC28,OUT018,1385.7534
1943,FDU16,OUT018,962.4913
1944,NCD19,OUT035,897.5144
1945,FDU21,OUT046,330.44608
1946,FDV59,OUT027,5080.088
1947,FDU03,OUT045,2653.074
1948,FDC33,OUT010,330.44608
1949,NCR42,OUT035,502.11356
1950,DRH59,OUT035,1259.7745
1951,NCM31,OUT035,2263.183
1952,FDS50,OUT035,3271.649
1953,FDP39,OUT046,599.9307
1954,FDQ55,OUT013,1544.291
1955,FDV36,OUT019,330.44608
1956,FDI05,OUT027,2253.4478
1957,FDS45,OUT027,2581.9895
1958,FDA39,OUT045,581.02295
1959,FDC37,OUT010,330.44608
1960,FDJ60,OUT027,3989.0093
1961,DRQ35,OUT046,1701.3114
1962,NCJ06,OUT046,1670.5623
1963,NCY42,OUT018,2131.9507
1964,DRM37,OUT049,2995.3376
1965,FDR14,OUT045,330.44608
1966,FDE51,OUT049,627.48486
1967,FDT33,OUT017,2723.2068
1968,FDR08,OUT013,1496.9545
1969,FDE36,OUT010,330.44608
1970,FDL22,OUT019,330.44608
1971,FDR44,OUT013,1717.0315
1972,FDI56,OUT019,330.44608
1973,FDE47,OUT010,330.44608
1974,FDV27,OUT010,330.44608
1975,FDV10,OUT049,663.2102
1976,FDC40,OUT045,854.2066
1977,NCX41,OUT013,3344.582
1978,NCQ38,OUT027,2383.5217
1979,FDV12,OUT027,2617.9885
1980,FDE52,OUT017,1362.0359
1981,FDG20,OUT027,4412.9473
1982,FDV16,OUT027,942.58936
1983,FDI32,OUT017,1439.8558
1984,FDJ32,OUT049,828.44135
1985,FDN39,OUT018,2053.5872
1986,FDY34,OUT017,2760.2356
1987,FDC14,OUT035,405.56155
1988,FDA55,OUT017,3232.0625
1989,FDZ50,OUT010,330.44608
1990,DRG13,OUT049,2645.3447
1991,FDP01,OUT013,2150.245
1992,NCG54,OUT017,2455.0884
1993,FDM13,OUT045,1807.3658
1994,NCO18,OUT027,4041.385
1995,NCW41,OUT013,2463.3901
1996,FDM52,OUT027,3533.2715
1997,NCF55,OUT035,489.036
1998,FDT09,OUT046,1897.4475
1999,NCM19,OUT035,1849.2675
2000,FDW12,OUT018,1795.3358
2001,FDP15,OUT019,608.52985
2002,FDK36,OUT045,560.6649
2003,FDZ25,OUT035,2477.5415
2004,NCW06,OUT049,2762.0015
2005,FDW60,OUT046,2420.717
2006,DRC49,OUT013,2234.0017
2007,NCT17,OUT035,2894.2273
2008,NCN06,OUT018,2204.8442
2009,FDC45,OUT013,2482.0283
2010,DRJ47,OUT019,330.44608
2011,NCF06,OUT045,3786.2854
2012,FDE21,OUT010,330.44608
2013,DRG27,OUT013,330.44608
2014,FDW40,OUT049,1841.365
2015,NCO53,OUT046,2342.8108
2016,FDE23,OUT049,757.5125
2017,FDQ16,OUT046,1435.1466
2018,FDS26,OUT045,3790.8926
2019,FDZ13,OUT010,330.44608
2020,FDS14,OUT049,2142.091
2021,FDC10,OUT045,1619.5469
2022,FDY16,OUT049,2596.5732
2023,FDJ20,OUT035,1999.076
2024,FDV43,OUT035,669.07196
2025,FDZ32,OUT027,2715.1313
2026,FDR23,OUT046,2490.2576
2027,FDN24,OUT035,824.861
2028,FDE34,OUT027,4155.511
2029,FDU31,OUT013,3194.2744
2030,FDW33,OUT018,1370.0334
2031,FDU26,OUT046,1588.4025
2032,FDE20,OUT027,3933.6953
2033,NCW05,OUT035,1840.8633
2034,FDB22,OUT018,2279.424
2035,FDO56,OUT046,1626.4971
2036,FDA19,OUT027,3158.0115
2037,DRI39,OUT045,483.97964
2038,FDH52,OUT018,633.52057
2039,FDZ50,OUT035,2690.2773
2040,NCN42,OUT035,2324.9495
2041,FDB53,OUT013,2088.9944
2042,DRG11,OUT017,1414.8851
2043,DRK11,OUT027,3461.6814
2044,FDQ60,OUT017,1673.9994
2045,FDT36,OUT017,330.44608
2046,DRG25,OUT018,2742.7756
2047,DRJ23,OUT046,2590.6692
2048,FDG05,OUT035,2404.1387
2049,NCK06,OUT018,1743.5632
2050,FDU52,OUT017,2133.745
2051,FDW07,OUT018,1112.178
2052,NCM17,OUT045,515.6631
2053,FDA22,OUT045,2559.751
2054,NCA41,OUT018,2841.09
2055,FDF38,OUT035,396.65317
2056,FDH52,OUT046,791.7792
2057,FDY58,OUT019,330.44608
2058,FDZ16,OUT045,2558.5515
2059,NCM18,OUT017,567.4376
2060,FDA22,OUT018,2310.6604
2061,NCJ43,OUT035,2720.5134
2062,FDI34,OUT027,5076.6206
2063,FDG56,OUT046,793.9131
2064,FDS34,OUT046,1556.6439
2065,DRC01,OUT035,939.0987
2066,FDQ04,OUT035,600.8604
2067,FDK04,OUT035,932.0318
2068,FDT51,OUT049,1525.5525
2069,FDV26,OUT017,2808.9426
2070,FDS04,OUT049,1834.5753
2071,FDW43,OUT018,2812.6924
2072,FDQ28,OUT010,330.44608
2073,NCK06,OUT017,1715.6613
2074,FDS23,OUT018,1631.1476
2075,FDZ36,OUT019,330.44608
2076,FDE56,OUT018,802.26904
2077,FDW10,OUT027,3814.9253
2078,NCN14,OUT045,2770.7031
2079,NCQ18,OUT045,1399.4856
2080,FDW08,OUT017,1466.073
2081,FDU43,OUT035,3348.392
2082,FDR33,OUT010,330.44608
2083,FDM24,OUT010,330.44608
2084,NCZ05,OUT046,1352.6923
2085,NCV41,OUT035,1820.741
2086,FDV11,OUT018,2150.373
2087,NCY05,OUT035,552.244
2088,FDV44,OUT018,2323.2646
2089,FDW32,OUT049,1113.3053
2090,NCU18,OUT027,3356.8728
2091,NCC43,OUT035,3692.5854
2092,FDW19,OUT013,1422.5547
2093,FDN31,OUT035,2929.0498
2094,FDI48,OUT045,403.95062
2095,FDS24,OUT017,1275.4249
2096,FDF46,OUT049,1903.5315
2097,DRG23,OUT017,2113.5063
2098,FDG14,OUT018,1832.3718
2099,NCY30,OUT049,2622.9363
2100,FDO28,OUT018,1721.2196
2101,DRD24,OUT035,2319.1438
2102,FDI33,OUT049,1530.0042
2103,FDN32,OUT046,2595.9312
2104,FDR16,OUT045,2839.6902
2105,FDF26,OUT046,2144.1414
2106,NCN29,OUT018,505.4979
2107,FDE20,OUT045,2538.4463
2108,FDA46,OUT046,2365.928
2109,FDU28,OUT045,2606.7976
2110,FDQ48,OUT045,1185.7227
2111,FDV36,OUT013,1492.9352
2112,FDR14,OUT018,515.36005
2113,FDP23,OUT017,3237.9683
2114,FDP56,OUT013,330.44608
2115,FDK48,OUT010,330.44608
2116,FDR48,OUT046,2121.9275
2117,NCY29,OUT049,870.0584
2118,FDM22,OUT018,560.1511
2119,DRJ01,OUT013,2386.6868
2120,FDZ43,OUT045,3358.5212
2121,FDV03,OUT035,2470.1487
2122,FDX11,OUT027,4411.1846
2123,NCA41,OUT027,4378.9155
2124,FDE38,OUT017,2413.9312
2125,FDI27,OUT018,437.31723
2126,FDN32,OUT013,2894.4082
2127,NCN43,OUT017,1773.9011
2128,FDB47,OUT027,4567.207
2129,FDV03,OUT017,2245.963
2130,NCN30,OUT045,1288.4746
2131,NCV54,OUT010,330.44608
2132,FDV07,OUT013,1431.5875
2133,FDP07,OUT049,2587.0813
2134,FDK48,OUT018,985.96735
2135,FDM15,OUT019,330.44608
2136,FDY19,OUT027,2863.1365
2137,FDK46,OUT046,3106.1855
2138,FDY11,OUT045,688.96234
2139,FDH09,OUT046,772.36005
2140,FDO08,OUT027,3992.4324
2141,FDU14,OUT013,3758.7979
2142,FDD22,OUT027,2659.673
2143,FDM27,OUT017,2329.9229
2144,FDL02,OUT027,2886.9983
2145,NCA17,OUT035,2304.058
2146,FDE38,OUT019,330.44608
2147,NCG07,OUT049,2704.0557
2148,DRC27,OUT013,3689.6401
2149,FDA27,OUT035,3494.7678
2150,FDW40,OUT045,1990.8488
2151,DRI11,OUT013,1613.1199
2152,FDN50,OUT046,1249.818
2153,FDR12,OUT046,2318.931
2154,FDT34,OUT027,2587.9563
2155,FDW11,OUT035,954.0936
2156,NCO30,OUT027,4125.729
2157,FDZ34,OUT017,2799.764
2158,FDU45,OUT017,1977.478
2159,NCD42,OUT035,517.47974
2160,FDX25,OUT045,2601.5693
2161,NCR29,OUT046,530.2857
2162,FDX43,OUT019,330.44608
2163,FDB04,OUT010,330.44608
2164,FDR49,OUT027,1329.7018
2165,FDS39,OUT018,2075.7495
2166,FDW58,OUT045,1567.0236
2167,FDG22,OUT019,330.44608
2168,FDG31,OUT017,650.4027
2169,NCV53,OUT027,5194.937
2170,DRJ37,OUT035,2454.5662
2171,FDV07,OUT035,1778.9624
2172,FDW52,OUT018,2042.5743
2173,FDT15,OUT045,2642.1448
2174,FDD02,OUT018,1538.8036
2175,FDM16,OUT035,1082.0421
2176,NCE55,OUT046,2264.025
2177,FDB57,OUT018,2744.39
2178,FDQ04,OUT013,330.44608
2179,FDQ47,OUT019,330.44608
2180,FDY14,OUT019,735.1996
2181,DRK37,OUT017,2801.2385
2182,FDO25,OUT017,2769.379
2183,FDL57,OUT046,3431.8528
2184,NCK29,OUT018,1563.5973
2185,FDK46,OUT027,5410.423
2186,NCB43,OUT010,330.44608
2187,DRE01,OUT027,5318.702
2188,FDC46,OUT018,2517.6086
2189,FDQ23,OUT045,1417.4058
2190,FDX38,OUT049,600.3337
2191,FDG60,OUT018,3283.203
2192,FDW55,OUT017,3554.423
2193,FDP39,OUT013,330.44608
2194,FDB20,OUT018,948.2179
2195,FDV21,OUT017,1740.6243
2196,FDZ02,OUT013,1188.181
2197,FDP19,OUT027,3365.6682
2198,FDA38,OUT035,3540.2588
2199,FDH22,OUT045,1995.3103
2200,DRM11,OUT045,3842.3135
2201,FDO12,OUT027,4533.852
2202,FDT14,OUT049,1658.8231
2203,FDW34,OUT010,330.44608
2204,FDG04,OUT027,4311.3086
2205,FDW59,OUT018,1156.0499
2206,FDR33,OUT018,1515.0999
2207,FDP32,OUT013,1860.9484
2208,FDL13,OUT027,5090.275
2209,FDD22,OUT013,1557.4552
2210,FDV40,OUT027,1706.5853
2211,NCD55,OUT046,359.4938
2212,FDQ20,OUT010,330.44608
2213,FDD28,OUT045,661.4991
2214,FDC39,OUT045,3012.5564
2215,NCR17,OUT049,1779.8512
2216,DRO35,OUT018,1562.4691
2217,FDF40,OUT049,3296.6594
2218,FDR31,OUT018,1740.4642
2219,NCQ41,OUT017,2942.0366
2220,FDP38,OUT046,373.87854
2221,NCU54,OUT027,4761.3633
2222,FDG22,OUT018,330.44608
2223,DRK59,OUT013,3594.601
2224,FDC37,OUT046,1364.2578
2225,NCO42,OUT013,2262.6858
2226,NCT42,OUT017,2174.9434
2227,FDX27,OUT035,1362.1661
2228,FDV40,OUT018,944.63745
2229,FDT45,OUT027,1126.3439
2230,FDS47,OUT019,330.44608
2231,FDR45,OUT035,3562.6362
2232,FDB03,OUT045,2992.0654
2233,FDO49,OUT035,593.8903
2234,FDU60,OUT027,3998.0977
2235,FDB26,OUT018,544.1147
2236,FDB46,OUT017,3053.0752
2237,FDQ37,OUT019,330.44608
2238,FDN03,OUT017,3571.5264
2239,NCX30,OUT045,3654.3179
2240,FDK32,OUT019,330.44608
2241,DRM47,OUT013,2997.1516
2242,NCO02,OUT046,920.73914
2243,FDP04,OUT013,352.2059
2244,NCO43,OUT049,1649.464
2245,FDD59,OUT013,844.327
2246,FDQ10,OUT017,2579.8762
2247,FDW45,OUT035,2394.4512
2248,NCK30,OUT049,3372.7983
2249,FDU31,OUT018,2660.1907
2250,NCQ17,OUT019,330.44608
2251,FDN01,OUT017,2477.7542
2252,FDZ19,OUT049,2342.9373
2253,DRG37,OUT017,2383.0464
2254,FDE32,OUT045,422.8379
2255,FDO34,OUT049,2632.1768
2256,FDM04,OUT019,330.44608
2257,FDZ25,OUT049,2421.0342
2258,FDU08,OUT049,1454.4261
2259,NCW30,OUT045,3783.128
2260,NCM18,OUT013,330.44608
2261,FDS22,OUT035,752.5926
2262,NCH18,OUT017,3472.137
2263,FDC23,OUT013,2932.5474
2264,FDY46,OUT013,2942.0881
2265,NCU06,OUT046,2883.4272
2266,FDX57,OUT045,1295.0297
2267,FDX36,OUT027,5176.631
2268,FDL16,OUT045,330.44608
2269,FDT16,OUT010,507.60306
2270,FDN16,OUT018,1209.1301
2271,FDC03,OUT046,2699.9324
2272,DRF60,OUT013,3571.2761
2273,FDS27,OUT027,4462.584
2274,FDP33,OUT010,389.74582
2275,FDJ36,OUT018,1365.2562
2276,NCR42,OUT013,330.44608
2277,FDV14,OUT017,972.2015
2278,NCP42,OUT035,2967.5015
2279,FDB50,OUT027,2253.9937
2280,NCC30,OUT027,4011.6006
2281,FDA23,OUT018,1361.0516
2282,FDW16,OUT017,1422.7842
2283,FDQ52,OUT010,330.44608
2284,FDB58,OUT049,1897.5731
2285,NCP29,OUT049,1013.6267
2286,NCM05,OUT045,3847.2092
2287,FDO25,OUT013,3098.3486
2288,NCM54,OUT046,1853.447
2289,NCL54,OUT046,2410.5193
2290,FDL39,OUT010,330.44608
2291,FDF53,OUT018,2177.549
2292,NCQ42,OUT035,2075.3862
2293,FDF58,OUT013,667.2394
2294,FDZ04,OUT035,1023.6047
2295,FDE26,OUT019,330.44608
2296,FDS60,OUT017,2688.1157
2297,FDV58,OUT017,2708.2366
2298,FDM04,OUT045,442.84515
2299,FDE08,OUT035,2316.5405
2300,NCB43,OUT049,2578.4104
2301,FDU11,OUT010,330.44608
2302,FDF22,OUT019,330.44608
2303,FDE24,OUT013,1820.9697
2304,DRJ49,OUT046,1982.6528
2305,NCQ53,OUT035,3492.3132
2306,NCL41,OUT013,330.44608
2307,FDR22,OUT013,1409.7128
2308,FDH04,OUT035,1369.2772
2309,DRH15,OUT045,330.44608
2310,FDY40,OUT049,487.71082
2311,NCI17,OUT035,1714.6052
2312,NCC18,OUT013,2795.7634
2313,FDY28,OUT027,5081.435
2314,FDB45,OUT027,2508.4832
2315,NCL30,OUT018,1746.1499
2316,FDM10,OUT017,3017.949
2317,FDH22,OUT027,3053.7168
2318,NCZ53,OUT017,2780.1104
2319,NCI18,OUT013,3540.558
2320,FDH14,OUT027,3484.569
2321,FDR36,OUT027,1397.0961
2322,FDW01,OUT045,2139.1887
2323,FDK02,OUT027,3157.7312
2324,FDJ02,OUT018,1796.311
2325,FDU55,OUT013,3931.1143
2326,NCV18,OUT027,2096.8057
2327,FDH14,OUT018,1673.6001
2328,FDZ37,OUT045,1076.9843
2329,FDX49,OUT049,2987.5864
2330,NCD43,OUT046,1437.4811
2331,FDZ07,OUT013,441.41248
2332,FDK43,OUT035,2049.7085
2333,FDR32,OUT018,2761.4175
2334,FDT39,OUT013,2110.662
2335,NCV54,OUT017,1679.7537
2336,FDF38,OUT018,397.4403
2337,FDV60,OUT046,2631.5254
2338,FDH44,OUT027,3507.4573
2339,FDS21,OUT046,676.4681
2340,NCL41,OUT045,446.20847
2341,FDM46,OUT017,1321.1361
2342,FDU27,OUT045,458.40265
2343,NCJ54,OUT017,3279.6328
2344,DRG51,OUT018,2403.4521
2345,NCA29,OUT019,330.44608
2346,FDR47,OUT045,2763.1064
2347,NCL19,OUT027,3213.8877
2348,DRG01,OUT049,1301.3773
2349,FDG10,OUT046,622.0356
2350,NCV05,OUT049,2254.8726
2351,NCH18,OUT019,372.46716
2352,FDV14,OUT018,1098.3276
2353,DRJ23,OUT035,2893.0657
2354,DRJ11,OUT046,2515.6392
2355,FDZ03,OUT017,2673.3843
2356,FDI27,OUT010,330.44608
2357,FDJ14,OUT018,939.12396
2358,FDU32,OUT017,1642.401
2359,FDD47,OUT027,3944.4426
2360,DRF36,OUT035,2956.1245
2361,FDM21,OUT046,3068.846
2362,FDV10,OUT018,414.96664
2363,FDH60,OUT018,2411.0056
2364,FDX47,OUT010,330.44608
2365,FDT19,OUT019,330.44608
2366,FDO11,OUT045,3527.7427
2367,FDH24,OUT027,3897.481
2368,FDL02,OUT018,1340.6125
2369,FDB02,OUT049,2482.1619
2370,FDA43,OUT046,2653.5164
2371,FDG52,OUT045,468.23083
2372,DRC12,OUT013,3035.157
2373,FDY37,OUT018,1730.8882
2374,NCU18,OUT045,2026.4243
2375,FDU09,OUT035,1058.2231
2376,DRJ25,OUT027,1165.4858
2377,DRE12,OUT018,1499.6317
2378,DRL47,OUT017,1719.722
2379,DRK01,OUT046,1528.3923
2380,FDC22,OUT019,330.44608
2381,FDG44,OUT013,330.44608
2382,FDW04,OUT035,1989.3375
2383,FDK09,OUT049,3170.8716
2384,NCN43,OUT035,1978.511
2385,FDG04,OUT049,2581.4187
2386,FDH32,OUT010,330.44608
2387,DRI47,OUT017,2084.6238
2388,DRE15,OUT013,555.08325
2389,FDY11,OUT035,830.1354
2390,FDO60,OUT049,330.44608
2391,FDQ20,OUT018,385.92523
2392,FDO57,OUT027,3717.4612
2393,FDT14,OUT019,330.44608
2394,FDA57,OUT049,684.5847
2395,DRN35,OUT017,330.44608
2396,FDJ03,OUT046,639.12256
2397,FDX28,OUT017,1219.2863
2398,DRE25,OUT045,1438.5529
2399,FDR09,OUT046,3058.4512
2400,FDB23,OUT035,3425.2898
2401,FDO08,OUT045,2378.4
2402,FDQ23,OUT049,1220.5377
2403,FDW04,OUT013,1742.4746
2404,DRK13,OUT010,330.44608
2405,NCL17,OUT027,3382.557
2406,FDY21,OUT035,3122.724
2407,FDJ38,OUT027,4246.7915
2408,FDA37,OUT019,330.44608
2409,FDV43,OUT013,330.44608
2410,FDL36,OUT046,1157.1777
2411,FDD53,OUT045,433.33875
2412,FDZ19,OUT010,330.44608
2413,FDV21,OUT045,1983.7365
2414,NCL54,OUT018,2608.8726
2415,DRI47,OUT027,3382.4307
2416,DRG03,OUT049,2110.822
2417,FDG21,OUT013,1925.2748
2418,FDW03,OUT018,1256.0763
2419,NCI55,OUT046,1723.1302
2420,DRC36,OUT019,330.44608
2421,FDH22,OUT017,1808.0204
2422,FDV20,OUT045,1851.537
2423,NCU41,OUT027,4390.749
2424,FDN46,OUT027,2682.5376
2425,FDK50,OUT045,2318.2068
2426,NCA05,OUT027,3431.6487
2427,DRH01,OUT018,2384.546
2428,FDT08,OUT018,2081.4453
2429,FDM08,OUT018,2742.3542
2430,FDZ07,OUT035,937.1108
2431,FDS22,OUT017,862.5005
2432,FDV35,OUT027,4053.6057
2433,FDI28,OUT010,330.44608
2434,FDW58,OUT027,2377.937
2435,FDT52,OUT045,3398.7954
2436,FDY34,OUT046,2342.0193
2437,FDR10,OUT046,2273.5042
2438,FDK57,OUT017,1736.2333
2439,FDR02,OUT027,2707.3042
2440,FDX49,OUT046,3039.9038
2441,FDQ20,OUT046,330.44608
2442,DRK23,OUT045,3714.2808
2443,NCW06,OUT046,2535.254
2444,FDR31,OUT017,2246.7744
2445,NCE43,OUT013,2499.3994
2446,DRO59,OUT027,1858.1407
2447,FDN09,OUT049,3474.9316
2448,FDR11,OUT046,2273.8245
2449,FDO57,OUT013,2376.3484
2450,NCX18,OUT017,2920.1655
2451,FDB05,OUT018,3471.1445
2452,FDQ08,OUT018,617.42236
2453,NCG43,OUT035,1599.1132
2454,FDJ56,OUT013,1138.7196
2455,FDA13,OUT010,330.44608
2456,FDO56,OUT017,1828.2167
2457,FDB37,OUT018,2819.1694
2458,FDZ02,OUT018,1117.2717
2459,FDQ24,OUT046,3261.6165
2460,FDM16,OUT013,802.5516
2461,FDU35,OUT049,1211.5223
2462,FDT35,OUT035,2469.5562
2463,NCX30,OUT049,3374.242
2464,FDG04,OUT017,2830.7915
2465,FDI12,OUT035,1229.3711
2466,FDE35,OUT035,1172.7909
2467,NCP14,OUT027,2619.4062
2468,NCY53,OUT045,1469.3789
2469,FDP49,OUT017,729.1686
2470,FDQ04,OUT017,330.44608
2471,FDM39,OUT035,2730.3901
2472,FDO58,OUT019,330.44608
2473,FDC56,OUT017,1540.6241
2474,NCQ54,OUT046,2338.9836
2475,FDV10,OUT027,962.1869
2476,NCK17,OUT046,330.44608
2477,NCF55,OUT027,594.2068
2478,FDV33,OUT013,3656.8357
2479,NCH29,OUT019,330.44608
2480,FDA37,OUT027,3163.2969
2481,FDH46,OUT018,1247.6523
2482,FDS25,OUT035,1756.0399
2483,FDH04,OUT027,2261.0613
2484,FDX52,OUT046,2662.274
2485,NCD42,OUT017,330.44608
2486,FDW47,OUT017,1665.0234
2487,FDL25,OUT027,2658.2358
2488,NCJ06,OUT010,330.44608
2489,FDY09,OUT013,2804.1921
2490,FDS40,OUT046,330.44608
2491,FDH41,OUT017,2982.1401
2492,FDG38,OUT035,1239.7357
2493,FDU03,OUT027,4370.769
2494,FDV20,OUT046,1828.2867
2495,DRB13,OUT045,2677.1194
2496,NCQ30,OUT013,1790.7461
2497,NCH06,OUT013,3707.8914
2498,FDU50,OUT018,1352.6897
2499,NCO42,OUT019,330.44608
2500,FDW09,OUT018,943.7128
2501,FDH04,OUT013,1092.5702
2502,FDC21,OUT045,1462.4072
2503,FDL21,OUT049,616.4822
2504,FDM46,OUT010,330.44608
2505,FDT22,OUT019,330.44608
2506,FDB28,OUT035,3013.8137
2507,FDI12,OUT018,1174.5991
2508,FDA28,OUT045,1784.1442
2509,FDF59,OUT013,1932.3065
2510,FDM45,OUT027,3014.826
2511,FDQ56,OUT017,911.4493
2512,FDR46,OUT049,2165.902
2513,FDT01,OUT013,2999.3813
2514,FDD16,OUT027,1851.2124
2515,NCU30,OUT010,330.44608
2516,FDM40,OUT010,330.44608
2517,FDI56,OUT035,1573.5123
2518,NCS30,OUT013,1790.9574
2519,FDU08,OUT017,1259.4331
2520,FDX51,OUT027,4483.378
2521,FDA43,OUT045,2892.562
2522,FDX59,OUT010,330.44608
2523,FDC37,OUT018,1441.528
2524,FDP58,OUT013,3065.9214
2525,NCY42,OUT035,2257.127
2526,FDF21,OUT018,2316.7087
2527,FDU10,OUT027,848.03674
2528,DRL47,OUT018,1701.355
2529,FDA58,OUT018,3527.2153
2530,FDJ22,OUT049,2900.4763
2531,FDK50,OUT046,2305.5244
2532,FDO38,OUT035,1284.8732
2533,DRF60,OUT035,3588.5737
2534,NCZ42,OUT019,330.44608
2535,FDD35,OUT049,2058.1274
2536,FDL25,OUT045,1091.8218
2537,FDJ16,OUT013,330.44608
2538,DRK59,OUT049,3068.7002
2539,FDI50,OUT046,3100.162
2540,NCB19,OUT045,1181.6165
2541,DRI37,OUT035,1129.7372
2542,FDA14,OUT027,3640.5317
2543,FDC08,OUT018,2729.8372
2544,FDS45,OUT046,1470.3875
2545,FDI21,OUT049,965.85803
2546,DRJ47,OUT035,2690.9084
2547,DRE37,OUT027,4218.5264
2548,FDT55,OUT018,1926.9323
2549,NCG42,OUT027,3031.081
2550,FDA31,OUT049,2263.8257
